place,run.id,run.weblink,run.game,run.level,run.category,run.videos.links,run.comment,run.status.status,run.status.examiner,run.status.verify-date,run.players,run.date,run.submitted,run.times.primary,run.times.primary_t,run.times.realtime,run.times.realtime_t,run.times.realtime_noloads,run.times.realtime_noloads_t,run.times.ingame,run.times.ingame_t,run.system.platform,run.system.emulated,run.system.region,run.splits,run.values.e8m7em86,run.values.kn04ewol,run.splits.rel,run.splits.uri
1,ydl4l90z,https://www.speedrun.com/sm64/run/ydl4l90z,o1y9wo6q,,xk9gg6d0,[{'uri': 'https://www.twitch.tv/videos/2281567114'}],"WR !! 6:17 BPT into BLJs and 6:20 BPT Into BiTS

 B)",verified,8lpgwllj,2024-10-22T04:02:00Z,"[{'rel': 'user', 'id': 'xk3nmqk8', 'uri': 'https://www.speedrun.com/api/v1/users/xk3nmqk8'}]",2024-10-21,2024-10-21T11:26:05Z,PT6M26S,386,PT6M26S,386,,0,,0,w89rwelk,True,o316x197,,5lmoxk01,5q8e86rq,,
2,zpx5v9rm,https://www.speedrun.com/sm64/run/zpx5v9rm,o1y9wo6q,,xk9gg6d0,[{'uri': 'https://www.twitch.tv/videos/2288314670'}],smol,verified,8lpgwllj,2024-10-29T23:50:04Z,"[{'rel': 'user', 'id': 'xkmnnmmj', 'uri': 'https://www.speedrun.com/api/v1/users/xkmnnmmj'}]",2024-10-29,2024-10-29T12:18:39Z,PT6M31S,391,PT6M31S,391,,0,,0,w89rwelk,True,o316x197,,5lmoxk01,5q8e86rq,,
3,z05qlpom,https://www.speedrun.com/sm64/run/z05qlpom,o1y9wo6q,,xk9gg6d0,[{'uri': 'https://www.twitch.tv/videos/683467656'}],WR !,verified,7j47lplj,2020-07-21T12:48:07Z,"[{'rel': 'user', 'id': '7j40gpw8', 'uri': 'https://www.speedrun.com/api/v1/users/7j40gpw8'}]",2020-07-19,2020-07-18T16:17:57Z,PT6M38S,398,PT6M38S,398,,0,,0,w89rwelk,True,o316x197,,5lmoxk01,5q8e86rq,,
4,y6en9gpz,https://www.speedrun.com/sm64/run/y6en9gpz,o1y9wo6q,,xk9gg6d0,[{'uri': 'https://www.twitch.tv/videos/2232602580'}],"audio desync moment :(((( (also roml wtf)

Mod note: Verified: No for audio desync",verified,8lpgwllj,2024-08-24T23:48:41Z,"[{'rel': 'user', 'id': '8ew0dk28', 'uri': 'https://www.speedrun.com/api/v1/users/8ew0dk28'}]",2024-08-24,2024-08-24T10:15:39Z,PT6M41S,401,PT6M41S,401,,0,,0,w89rwelk,True,o316x197,,5lmoxk01,4qyxop3l,,
5,m7g1k9em,https://www.speedrun.com/sm64/run/m7g1k9em,o1y9wo6q,,xk9gg6d0,"[{'uri': 'https://youtu.be/9MZWSGgosGI?t=1'}, {'uri': 'https://www.twitch.tv/videos/579432358'}]",,verified,v815edqj,2020-03-31T09:11:06Z,"[{'rel': 'user', 'id': 'dx35yzej', 'uri': 'https://www.speedrun.com/api/v1/users/dx35yzej'}]",2020-03-30,2020-03-31T00:27:14Z,PT6M48S,408,PT6M48S,408,,0,,0,w89rwelk,True,o316x197,,5lmoxk01,5q8e86rq,,
5,y6r7wn0y,https://www.speedrun.com/sm64/run/y6r7wn0y,o1y9wo6q,,xk9gg6d0,[{'uri': 'https://youtu.be/mhou3tLzRdM'}],,verified,1xyky4n8,2020-09-19T16:01:25Z,"[{'rel': 'user', 'id': '1xy9p1vj', 'uri': 'https://www.speedrun.com/api/v1/users/1xy9p1vj'}]",2020-09-17,2020-09-17T07:21:59Z,PT6M48S,408,PT6M48S,408,,0,,0,w89rwelk,True,o316x197,,5lmoxk01,4qyxop3l,,
5,y2g8507z,https://www.speedrun.com/sm64/run/y2g8507z,o1y9wo6q,,xk9gg6d0,[{'uri': 'https://youtu.be/mlL_SNOVcoQ'}],Got lucky with the setup and run was decent overall,verified,8q3dqn7j,2023-08-05T21:03:29Z,"[{'rel': 'user', 'id': 'xyrqdwmj', 'uri': 'https://www.speedrun.com/api/v1/users/xyrqdwmj'}]",2023-08-04,2023-08-04T09:13:52Z,PT6M48S,408,PT6M48S,408,,0,,0,w89rwelk,True,o316x197,,5lmoxk01,5q8e86rq,,
8,y863kjdm,https://www.speedrun.com/sm64/run/y863kjdm,o1y9wo6q,,xk9gg6d0,[{'uri': 'https://www.youtube.com/watch?v=-3ozs9yCPtE&feature=youtu.be'}],pls don't shoutout this run i have 6:46 on n64 thank you,verified,qxkm6mj0,2023-04-27T14:05:49Z,"[{'rel': 'user', 'id': '18qowewj', 'uri': 'https://www.speedrun.com/api/v1/users/18qowewj'}]",2023-04-27,2023-04-27T13:54:06Z,PT6M51S,411,PT6M51S,411,,0,,0,w89rwelk,True,o316x197,,5lmoxk01,5q8e86rq,,
9,z1lv8x7m,https://www.speedrun.com/sm64/run/z1lv8x7m,o1y9wo6q,,xk9gg6d0,[{'uri': 'https://youtu.be/U9gu83JNEs4'}],SUB 7 !!!!,verified,j4232gmx,2023-07-31T18:36:31Z,"[{'rel': 'user', 'id': 'kj9z6pn8', 'uri': 'https://www.speedrun.com/api/v1/users/kj9z6pn8'}]",2023-07-30,2023-07-30T16:58:33Z,PT6M53S,413,PT6M53S,413,,0,,0,w89rwelk,True,o316x197,,5lmoxk01,5q8e86rq,,
10,z0ogd1ez,https://www.speedrun.com/sm64/run/z0ogd1ez,o1y9wo6q,,xk9gg6d0,[{'uri': 'https://www.youtube.com/watch?v=RXKcznzPOTM'}],lets play bits again but LFGGG,verified,qxkm6mj0,2022-03-25T20:34:41Z,"[{'rel': 'user', 'id': '8lp7rqrj', 'uri': 'https://www.speedrun.com/api/v1/users/8lp7rqrj'}]",2022-03-25,2022-03-25T17:49:38Z,PT6M54S,414,PT6M54S,414,,0,,0,w89rwelk,True,pr184lqn,,5lmoxk01,5q8e86rq,,
11,zp6op28m,https://www.speedrun.com/sm64/run/zp6op28m,o1y9wo6q,,xk9gg6d0,[{'uri': 'https://www.youtube.com/watch?v=fTdYMAkrzRo'}],"retired
Credits to Kazenokaze: [https://www.deviantart.com/kazenokaze/art/Nao-557145863](https://www.deviantart.com/kazenokaze/art/Nao-557145863)
",verified,8lpgwllj,2024-06-03T23:55:33Z,"[{'rel': 'user', 'id': '8d35ly5x', 'uri': 'https://www.speedrun.com/api/v1/users/8d35ly5x'}]",2024-04-27,2024-06-02T21:07:34Z,PT6M56S,416,PT6M56S,416,,0,,0,w89rwelk,True,o316x197,,5lmoxk01,5q8e86rq,,
12,yox2g2jy,https://www.speedrun.com/sm64/run/yox2g2jy,o1y9wo6q,,xk9gg6d0,[{'uri': 'https://youtu.be/5o4xp2M2xgg'}],siiiiiiiiiii,verified,8lpgwllj,2024-07-21T23:32:48Z,"[{'rel': 'user', 'id': 'jm3lqln8', 'uri': 'https://www.speedrun.com/api/v1/users/jm3lqln8'}]",2024-07-21,2024-07-21T01:03:31Z,PT6M57S,417,PT6M57S,417,,0,,0,w89rwelk,True,o316x197,,5lmoxk01,5q8e86rq,,
13,z0j0k3jy,https://www.speedrun.com/sm64/run/z0j0k3jy,o1y9wo6q,,xk9gg6d0,[{'uri': 'https://youtu.be/mFSdgrBI7yg'}],3:04 dddskip LMAO,verified,j4232gmx,2023-08-09T14:00:35Z,"[{'rel': 'user', 'id': '8e6vr17j', 'uri': 'https://www.speedrun.com/api/v1/users/8e6vr17j'}]",2023-08-07,2023-08-07T05:39:16Z,PT6M58S,418,PT6M58S,418,,0,,0,w89rwelk,True,o316x197,,5lmoxk01,5q8e86rq,,
13,yldnrk3m,https://www.speedrun.com/sm64/run/yldnrk3m,o1y9wo6q,,xk9gg6d0,[{'uri': 'https://youtu.be/zkYVyB5L_H8?si=SxLmCc603lQnuzbo'}],"Lets gooo. Shoutouts to @RetroTorpedo , @Cosmalano & @DuckTapeDuck for help :)
",verified,8lpgwllj,2024-04-28T19:29:25Z,"[{'rel': 'user', 'id': 'xkm3lk7j', 'uri': 'https://www.speedrun.com/api/v1/users/xkm3lk7j'}]",2024-04-27,2024-04-27T12:07:19Z,PT6M58S,418,PT6M58S,418,,0,,0,w89rwelk,True,o316x197,,5lmoxk01,5q8e86rq,,
15,y6jpej0m,https://www.speedrun.com/sm64/run/y6jpej0m,o1y9wo6q,,xk9gg6d0,[{'uri': 'https://youtu.be/4WLmkmmgiUM'}],perrita sidosa,verified,8lpgwllj,2025-05-11T14:34:55Z,"[{'rel': 'user', 'id': '81q1oq5j', 'uri': 'https://www.speedrun.com/api/v1/users/81q1oq5j'}]",2025-05-06,2025-05-06T02:56:44Z,PT6M59S,419,PT6M59S,419,,0,,0,w89rwelk,True,o316x197,,5lmoxk01,5q8e86rq,,
16,y4grwqdy,https://www.speedrun.com/sm64/run/y4grwqdy,o1y9wo6q,,xk9gg6d0,[{'uri': 'https://youtu.be/I2Aj26f84mg'}],"The bljs were so insane i can't believe it, 7:00 with that ddd skip and a missed throw, that's incredible 

Les bljs étaient tellement bons j'ai du mal à y croire, 7:00 avec ce ddd skip et une throw loupée, c'est incroyable",verified,j4232gmx,2023-01-13T05:24:37Z,"[{'rel': 'user', 'id': 'jnz2ykqj', 'uri': 'https://www.speedrun.com/api/v1/users/jnz2ykqj'}]",2023-01-12,2023-01-12T20:35:33Z,PT7M,420,PT7M,420,,0,,0,w89rwelk,True,o316x197,,5lmoxk01,5q8e86rq,,
17,y6okpnjy,https://www.speedrun.com/sm64/run/y6okpnjy,o1y9wo6q,,xk9gg6d0,[{'uri': 'https://www.twitch.tv/videos/1795737130'}],"aghhh lucky ass ultimate ddd skip, second blj was shit literally would have been 6:4X with a better one. till tomorrow mods!",verified,j4232gmx,2023-04-16T23:57:43Z,"[{'rel': 'user', 'id': '8enge328', 'uri': 'https://www.speedrun.com/api/v1/users/8enge328'}]",2023-04-17,2023-04-16T22:14:24Z,PT7M1S,421,PT7M1S,421,,0,,0,w89rwelk,True,pr184lqn,,5lmoxk01,5q8e86rq,,
18,yoxkqgjy,https://www.speedrun.com/sm64/run/yoxkqgjy,o1y9wo6q,,xk9gg6d0,[{'uri': 'https://youtu.be/STwSyNv8o9Y'}],SUB 7 INCOMING IN AUGUST,verified,98rp5mwj,2024-07-30T18:05:57Z,"[{'rel': 'user', 'id': '8107re5x', 'uri': 'https://www.speedrun.com/api/v1/users/8107re5x'}]",2024-07-30,2024-07-30T11:07:29Z,PT7M4S,424,PT7M4S,424,,0,,0,w89rwelk,True,o316x197,,5lmoxk01,5q8e86rq,,
19,zn25l53z,https://www.speedrun.com/sm64/run/zn25l53z,o1y9wo6q,,xk9gg6d0,[{'uri': 'https://www.youtube.com/watch?v=TsiGWvQkVfI'}],better foaf (floaf!),verified,8lpgwllj,2024-06-12T19:55:12Z,"[{'rel': 'user', 'id': 'jo3qoo0j', 'uri': 'https://www.speedrun.com/api/v1/users/jo3qoo0j'}]",2024-06-10,2024-06-11T04:14:46Z,PT7M5S,425,PT7M5S,425,,0,,0,w89rwelk,True,o316x197,,5lmoxk01,5q8e86rq,,
20,y657oq1z,https://www.speedrun.com/sm64/run/y657oq1z,o1y9wo6q,,xk9gg6d0,[{'uri': 'https://www.twitch.tv/videos/583160538'}],shout out to andrewmcfly,verified,v815edqj,2020-04-05T06:13:55Z,"[{'rel': 'user', 'id': '7j4mzd5j', 'uri': 'https://www.speedrun.com/api/v1/users/7j4mzd5j'}]",2020-04-04,2020-04-04T19:36:33Z,PT7M8S,428,PT7M8S,428,,0,,0,w89rwelk,True,pr184lqn,,5lmoxk01,5q8e86rq,,
21,ydl8v80z,https://www.speedrun.com/sm64/run/ydl8v80z,o1y9wo6q,,xk9gg6d0,[{'uri': 'https://youtu.be/Hwp93HaaGAU?si=wCPA83g-QfSd0HFv'}],ITS OVER DUDE,verified,8lpgwllj,2024-07-09T22:09:26Z,"[{'rel': 'user', 'id': 'joo3093j', 'uri': 'https://www.speedrun.com/api/v1/users/joo3093j'}]",2024-07-09,2024-07-09T20:24:26Z,PT7M13S,433,PT7M13S,433,,0,,0,w89rwelk,True,o316x197,,5lmoxk01,5q8e86rq,,
21,yj933xnz,https://www.speedrun.com/sm64/run/yj933xnz,o1y9wo6q,,xk9gg6d0,[{'uri': 'https://www.youtube.com/watch?v=tM8eaaFyMm4'}],,verified,j4232gmx,2024-07-22T17:45:47Z,"[{'rel': 'user', 'id': '8v5253yj', 'uri': 'https://www.speedrun.com/api/v1/users/8v5253yj'}]",2024-07-22,2024-07-22T05:22:53Z,PT7M13S,433,PT7M13S,433,,0,,0,w89rwelk,True,o316x197,,5lmoxk01,5q8e86rq,,
23,yjwgxvdm,https://www.speedrun.com/sm64/run/yjwgxvdm,o1y9wo6q,,xk9gg6d0,[{'uri': 'https://youtu.be/A1wjPdkRVmI'}],forgot to collect 120,verified,zx7gkrx7,2025-03-16T01:47:40Z,"[{'rel': 'user', 'id': 'jmolpwo8', 'uri': 'https://www.speedrun.com/api/v1/users/jmolpwo8'}]",2023-10-25,2023-10-25T01:17:03Z,PT7M14S,434,PT7M14S,434,,0,,0,w89rwelk,True,o316x197,,5lmoxk01,5q8e86rq,,
24,yl1vl72m,https://www.speedrun.com/sm64/run/yl1vl72m,o1y9wo6q,,xk9gg6d0,[{'uri': 'https://www.twitch.tv/videos/1565297316'}],:),verified,qxkm6mj0,2022-08-18T12:26:10Z,"[{'rel': 'user', 'id': 'j0324nmj', 'uri': 'https://www.speedrun.com/api/v1/users/j0324nmj'}]",2022-08-18,2022-08-18T07:02:17Z,PT7M15S,435,PT7M15S,435,,0,,0,w89rwelk,True,o316x197,,5lmoxk01,5q8e86rq,,
25,me30vp9z,https://www.speedrun.com/sm64/run/me30vp9z,o1y9wo6q,,xk9gg6d0,[{'uri': 'https://www.youtube.com/watch?v=9mJ2g6kxB3U'}],,verified,qxkm6mj0,2022-06-17T20:39:23Z,"[{'rel': 'user', 'id': 'x7m9r50x', 'uri': 'https://www.speedrun.com/api/v1/users/x7m9r50x'}]",2022-06-17,2022-06-17T17:48:25Z,PT7M17S,437,PT7M17S,437,,0,,0,w89rwelk,True,pr184lqn,,5lmoxk01,5q8e86rq,,
26,yl7lj42m,https://www.speedrun.com/sm64/run/yl7lj42m,o1y9wo6q,,xk9gg6d0,[{'uri': 'https://youtu.be/29mQbc5ilwM'}],Mod Note: Retimed to 7:19,verified,98rv2rdj,2022-06-20T22:45:48Z,"[{'rel': 'user', 'id': 'zxzqlnrx', 'uri': 'https://www.speedrun.com/api/v1/users/zxzqlnrx'}]",2022-06-20,2022-06-20T22:25:08Z,PT7M19S,439,PT7M19S,439,,0,,0,w89rwelk,True,o316x197,,5lmoxk01,5q8e86rq,splits.io,https://splits.io/api/v3/runs/9ipl
27,yo313d7y,https://www.speedrun.com/sm64/run/yo313d7y,o1y9wo6q,,xk9gg6d0,[{'uri': 'https://www.twitch.tv/videos/866748466'}],"Its getting better
Still grinding for sub 7",verified,zx7gkrx7,2021-01-11T03:58:03Z,"[{'rel': 'user', 'id': '18q652oj', 'uri': 'https://www.speedrun.com/api/v1/users/18q652oj'}]",2021-01-08,2021-01-09T04:14:11Z,PT7M20S,440,PT7M20S,440,,0,,0,w89rwelk,True,o316x197,,5lmoxk01,5q8e86rq,,
28,zpxw338m,https://www.speedrun.com/sm64/run/zpxw338m,o1y9wo6q,,xk9gg6d0,[{'uri': 'https://youtu.be/izdWvXkfwBA'}],very good until the final browser stage ..,verified,zx7gkrx7,2024-09-16T00:50:32Z,"[{'rel': 'user', 'id': 'e8e23628', 'uri': 'https://www.speedrun.com/api/v1/users/e8e23628'}]",2024-09-15,2024-09-15T20:01:34Z,PT7M21S,441,PT7M21S,441,,0,,0,w89rwelk,True,o316x197,,5lmoxk01,5q8e86rq,,
29,z5g38onm,https://www.speedrun.com/sm64/run/z5g38onm,o1y9wo6q,,xk9gg6d0,[{'uri': 'https://youtu.be/ApSYdgOx2RY'}],,verified,8lpgwllj,2024-08-04T23:36:31Z,"[{'rel': 'user', 'id': 'zx71oy0x', 'uri': 'https://www.speedrun.com/api/v1/users/zx71oy0x'}]",2024-08-04,2024-08-04T01:53:20Z,PT7M23S,443,PT7M23S,443,,0,,0,w89rwelk,True,o316x197,,5lmoxk01,5q8e86rq,,
29,zgj6lodz,https://www.speedrun.com/sm64/run/zgj6lodz,o1y9wo6q,,xk9gg6d0,[{'uri': 'https://www.twitch.tv/videos/2408489867'}],work in progress,verified,zx7gkrx7,2025-03-21T12:03:42Z,"[{'rel': 'user', 'id': 'x7wzv1v8', 'uri': 'https://www.speedrun.com/api/v1/users/x7wzv1v8'}]",2025-03-17,2025-03-17T23:19:29Z,PT7M23S,443,PT7M23S,443,,0,,0,w89rwelk,True,o316x197,,5lmoxk01,5q8e86rq,,
31,y9668wey,https://www.speedrun.com/sm64/run/y9668wey,o1y9wo6q,,xk9gg6d0,[{'uri': 'https://www.youtube.com/watch?v=KHgN_KZ3O8A'}],,verified,j03z503j,2023-02-14T05:22:42Z,"[{'rel': 'user', 'id': 'qj2z19nj', 'uri': 'https://www.speedrun.com/api/v1/users/qj2z19nj'}]",2023-02-11,2023-02-12T17:37:16Z,PT7M26S,446,PT7M26S,446,,0,,0,w89rwelk,True,o316x197,,5lmoxk01,5q8e86rq,,
32,yj4pq2gy,https://www.speedrun.com/sm64/run/yj4pq2gy,o1y9wo6q,,xk9gg6d0,[{'uri': 'https://www.youtube.com/watch?v=qEzsXVh58NA'}],0 star EMU WR is a little less of a meme now.,verified,68wg36qx,2018-10-30T13:44:32Z,"[{'rel': 'user', 'id': '7j4drzdj', 'uri': 'https://www.speedrun.com/api/v1/users/7j4drzdj'}]",2018-10-30,2018-10-30T10:18:58Z,PT7M29S,449,PT7M29S,449,,0,,0,w89rwelk,True,pr184lqn,,5lmoxk01,5q8e86rq,,
32,ywxe560m,https://www.speedrun.com/sm64/run/ywxe560m,o1y9wo6q,,xk9gg6d0,[{'uri': 'https://www.youtube.com/watch?v=CYSKdjTOdbk'}],Mod note: Please show full reset in future submissions.,verified,8lpgwllj,2024-07-10T23:16:16Z,"[{'rel': 'user', 'id': 'qjnw4rdj', 'uri': 'https://www.speedrun.com/api/v1/users/qjnw4rdj'}]",2024-07-10,2024-07-10T08:35:24Z,PT7M29S,449,PT7M29S,449,,0,,0,w89rwelk,True,o316x197,,5lmoxk01,5q8e86rq,,
34,y4675xdz,https://www.speedrun.com/sm64/run/y4675xdz,o1y9wo6q,,xk9gg6d0,[{'uri': 'https://www.bilibili.com/video/BV1xm421E7XK/?spm_id_from=333.999.0.0'}],"fuck yes, played on keyboard and project 64 1.6",verified,8lpgwllj,2024-03-31T21:56:56Z,"[{'rel': 'user', 'id': 'j52myw6j', 'uri': 'https://www.speedrun.com/api/v1/users/j52myw6j'}]",2024-03-31,2024-03-31T11:59:51Z,PT7M34S,454,PT7M34S,454,,0,,0,w89rwelk,True,o316x197,,5lmoxk01,5q8e86rq,,
35,mrvxeedz,https://www.speedrun.com/sm64/run/mrvxeedz,o1y9wo6q,,xk9gg6d0,[{'uri': 'https://youtu.be/sWNsEazFfDM'}],shoutouts to geek and cosmalano,verified,8lpgwllj,2024-05-19T01:30:11Z,"[{'rel': 'user', 'id': 'jo3w720j', 'uri': 'https://www.speedrun.com/api/v1/users/jo3w720j'}]",2024-05-19,2024-05-19T01:16:15Z,PT7M35S,455,PT7M35S,455,,0,,0,w89rwelk,True,o316x197,,5lmoxk01,5q8e86rq,,
35,yvnrdqom,https://www.speedrun.com/sm64/run/yvnrdqom,o1y9wo6q,,xk9gg6d0,[{'uri': 'https://www.youtube.com/watch?v=WAez2ji_4AY'}],,verified,8q316z7j,2025-02-03T00:44:09Z,"[{'rel': 'user', 'id': '8r3rzrq8', 'uri': 'https://www.speedrun.com/api/v1/users/8r3rzrq8'}]",2025-02-01,2025-02-01T21:06:22Z,PT7M35S,455,PT7M35S,455,,0,,0,w89rwelk,True,o316x197,,5lmoxk01,5q8e86rq,,
37,z0q3lqjm,https://www.speedrun.com/sm64/run/z0q3lqjm,o1y9wo6q,,xk9gg6d0,[{'uri': 'https://youtu.be/MCWgx6m0ZeY'}],THANK YOU COSMA :),verified,8q316z7j,2025-03-13T21:46:20Z,"[{'rel': 'user', 'id': 'xz27v1nx', 'uri': 'https://www.speedrun.com/api/v1/users/xz27v1nx'}]",2024-07-19,2024-07-19T03:17:29Z,PT7M36S,456,PT7M36S,456,,0,,0,w89rwelk,True,pr184lqn,,5lmoxk01,5q8e86rq,,
38,yjwwo5nm,https://www.speedrun.com/sm64/run/yjwwo5nm,o1y9wo6q,,xk9gg6d0,[{'uri': 'https://www.youtube.com/watch?v=07bM4wy3Io0'}],trash fire sea and sky,verified,qxkm6mj0,2023-12-18T23:46:51Z,"[{'rel': 'user', 'id': 'j4rpdvw8', 'uri': 'https://www.speedrun.com/api/v1/users/j4rpdvw8'}]",2023-12-18,2023-12-18T21:05:25Z,PT7M40S,460,PT7M40S,460,,0,,0,w89rwelk,True,pr184lqn,,5lmoxk01,5q8e86rq,,
39,yjp9dr7y,https://www.speedrun.com/sm64/run/yjp9dr7y,o1y9wo6q,,xk9gg6d0,[{'uri': 'https://www.youtube.com/watch?v=oUldvOCpd7k'}],,verified,qxkm6mj0,2022-06-29T11:55:34Z,"[{'rel': 'user', 'id': '68wzrnv8', 'uri': 'https://www.speedrun.com/api/v1/users/68wzrnv8'}]",2022-06-28,2022-06-28T04:54:25Z,PT7M42S,462,PT7M42S,462,,0,,0,w89rwelk,True,o316x197,,5lmoxk01,5q8e86rq,,
40,mrx9028m,https://www.speedrun.com/sm64/run/mrx9028m,o1y9wo6q,,xk9gg6d0,[{'uri': 'https://youtu.be/Ol0T0DowfvM'}],### ahh the marlene,verified,8lpgwllj,2024-08-04T23:43:57Z,"[{'rel': 'user', 'id': '8rperewj', 'uri': 'https://www.speedrun.com/api/v1/users/8rperewj'}]",2024-08-04,2024-08-04T16:57:12Z,PT7M44S,464,PT7M44S,464,,0,,0,w89rwelk,True,pr184lqn,,5lmoxk01,5q8e86rq,,
41,y2pg2r5z,https://www.speedrun.com/sm64/run/y2pg2r5z,o1y9wo6q,,xk9gg6d0,[{'uri': 'https://www.twitch.tv/videos/1504568928'}],,verified,qxkm6mj0,2022-06-15T20:07:09Z,"[{'rel': 'user', 'id': 'x7qqopy8', 'uri': 'https://www.speedrun.com/api/v1/users/x7qqopy8'}]",2022-06-15,2022-06-15T17:40:56Z,PT7M48S,468,PT7M48S,468,,0,,0,w89rwelk,True,o316x197,,5lmoxk01,5q8e86rq,,
42,7z0pnw4y,https://www.speedrun.com/sm64/run/7z0pnw4y,o1y9wo6q,,xk9gg6d0,[{'uri': 'https://youtu.be/GwgTrBxW8d4'}],Finally sub 8 on keyboard :),verified,o864qpjz,2016-02-20T22:49:49Z,"[{'rel': 'user', 'id': 'qjn3egwx', 'uri': 'https://www.speedrun.com/api/v1/users/qjn3egwx'}]",2016-02-20,2016-02-20T15:12:15Z,PT7M50S,470,PT7M50S,470,,0,,0,w89rwelk,True,o316x197,,5lmoxk01,5q8e86rq,,
43,mr7ox67z,https://www.speedrun.com/sm64/run/mr7ox67z,o1y9wo6q,,xk9gg6d0,[{'uri': 'https://www.twitch.tv/videos/1499816731'}],,verified,48gye018,2022-06-11T04:42:29Z,"[{'rel': 'user', 'id': '8rpv21dj', 'uri': 'https://www.speedrun.com/api/v1/users/8rpv21dj'}]",2022-06-11,2022-06-10T13:15:07Z,PT7M51S,471,PT7M51S,471,,0,,0,w89rwelk,True,o316x197,,5lmoxk01,5q8e86rq,,
44,z08xv9em,https://www.speedrun.com/sm64/run/z08xv9em,o1y9wo6q,,xk9gg6d0,[{'uri': 'https://www.youtube.com/watch?v=GWl3q7gnQGk&t=10s'}],,verified,8lpgwllj,2025-02-24T21:59:14Z,"[{'rel': 'user', 'id': '8eoe6kdj', 'uri': 'https://www.speedrun.com/api/v1/users/8eoe6kdj'}]",2025-02-24,2025-02-24T17:06:11Z,PT7M56S,476,PT7M56S,476,,0,,0,w89rwelk,True,o316x197,,5lmoxk01,5q8e86rq,,
45,y60xgrqy,https://www.speedrun.com/sm64/run/y60xgrqy,o1y9wo6q,,xk9gg6d0,[{'uri': 'https://youtu.be/zVGY34thTQE'}],yay,verified,qxkm6mj0,2022-06-05T15:34:03Z,"[{'rel': 'user', 'id': '86vvqv0j', 'uri': 'https://www.speedrun.com/api/v1/users/86vvqv0j'}]",2022-06-05,2022-06-05T11:52:38Z,PT7M58S,478,PT7M58S,478,,0,,0,w89rwelk,True,pr184lqn,,5lmoxk01,5q8e86rq,,
46,z1pnxj9z,https://www.speedrun.com/sm64/run/z1pnxj9z,o1y9wo6q,,xk9gg6d0,[{'uri': 'https://www.twitch.tv/videos/1515521638'}],,verified,qxkm6mj0,2022-06-27T13:19:28Z,"[{'rel': 'user', 'id': '8end5g78', 'uri': 'https://www.speedrun.com/api/v1/users/8end5g78'}]",2022-06-27,2022-06-27T12:36:08Z,PT8M1S,481,PT8M1S,481,,0,,0,w89rwelk,True,pr184lqn,,5lmoxk01,5q8e86rq,,
47,ywrxol3m,https://www.speedrun.com/sm64/run/ywrxol3m,o1y9wo6q,,xk9gg6d0,[{'uri': 'https://www.youtube.com/watch?v=0-_FHvjU7SY'}],,verified,qxkm6mj0,2023-07-29T13:58:53Z,"[{'rel': 'user', 'id': '8lpl934j', 'uri': 'https://www.speedrun.com/api/v1/users/8lpl934j'}]",2023-07-28,2023-07-28T18:06:37Z,PT8M2S,482,PT8M2S,482,,0,,0,w89rwelk,True,o316x197,,5lmoxk01,5q8e86rq,,
48,yoxkxgjy,https://www.speedrun.com/sm64/run/yoxkxgjy,o1y9wo6q,,xk9gg6d0,[{'uri': 'https://youtu.be/RG8jCiKLo5A'}],i can pb 0 but not 1 :(,verified,98rp5mwj,2024-07-30T16:07:00Z,"[{'rel': 'user', 'id': '8v211gyj', 'uri': 'https://www.speedrun.com/api/v1/users/8v211gyj'}]",2024-07-29,2024-07-30T03:22:27Z,PT8M3S,483,PT8M3S,483,,0,,0,w89rwelk,True,o316x197,,5lmoxk01,5q8e86rq,splits.io,https://splits.io/api/v3/runs/ccy3
49,ylp8gpkm,https://www.speedrun.com/sm64/run/ylp8gpkm,o1y9wo6q,,xk9gg6d0,[{'uri': 'https://youtu.be/B30ZtCaLVjM'}],![](/static/blob/rnq2o7rn.png),verified,8e6k1loj,2025-04-16T23:28:25Z,"[{'rel': 'user', 'id': 'jo2mdg08', 'uri': 'https://www.speedrun.com/api/v1/users/jo2mdg08'}]",2025-04-13,2025-04-13T06:23:07Z,PT8M8S,488,PT8M8S,488,,0,,0,w89rwelk,True,o316x197,,5lmoxk01,5q8e86rq,,
50,meld000z,https://www.speedrun.com/sm64/run/meld000z,o1y9wo6q,,xk9gg6d0,[{'uri': 'https://youtu.be/AzvkSXE1oSE'}],3f is the only method,verified,j4232gmx,2023-08-20T12:18:19Z,"[{'rel': 'user', 'id': 'e8ewrz78', 'uri': 'https://www.speedrun.com/api/v1/users/e8ewrz78'}]",2023-08-14,2023-08-17T10:16:49Z,PT8M10S,490,PT8M10S,490,,0,,0,w89rwelk,True,pr184lqn,,5lmoxk01,5q8e86rq,,
51,z57p2onm,https://www.speedrun.com/sm64/run/z57p2onm,o1y9wo6q,,xk9gg6d0,[{'uri': 'https://www.twitch.tv/videos/507131547'}],hey uhh,verified,zx7gkrx7,2019-11-17T23:51:25Z,"[{'rel': 'user', 'id': '7j47lplj', 'uri': 'https://www.speedrun.com/api/v1/users/7j47lplj'}]",2019-11-11,2019-11-17T22:48:45Z,PT8M12S,492,PT8M12S,492,,0,,0,w89rwelk,True,o316x197,,5lmoxk01,5q8e86rq,,
51,m7021qey,https://www.speedrun.com/sm64/run/m7021qey,o1y9wo6q,,xk9gg6d0,[{'uri': 'https://www.youtube.com/watch?v=8vvUbLvf8yI&ab_channel=Sanklo'}],,verified,zx7gkrx7,2023-07-06T03:10:28Z,"[{'rel': 'user', 'id': '1xyqkgz8', 'uri': 'https://www.speedrun.com/api/v1/users/1xyqkgz8'}]",2023-07-05,2023-07-05T06:32:29Z,PT8M12S,492,PT8M12S,492,,0,,0,w89rwelk,True,o316x197,,5lmoxk01,5q8e86rq,,
53,y6rdr5py,https://www.speedrun.com/sm64/run/y6rdr5py,o1y9wo6q,,xk9gg6d0,[{'uri': 'https://www.twitch.tv/videos/781739238'}],"We got DDD skip! I don't even care how bad the second half was, we did it.",verified,zx7gkrx7,2020-10-26T03:59:22Z,"[{'rel': 'user', 'id': 'jmo4ewn8', 'uri': 'https://www.speedrun.com/api/v1/users/jmo4ewn8'}]",2020-10-25,2020-10-25T19:31:46Z,PT8M13S,493,PT8M13S,493,,0,,0,w89rwelk,True,pr184lqn,,5lmoxk01,5q8e86rq,,
53,ywx8qgpm,https://www.speedrun.com/sm64/run/ywx8qgpm,o1y9wo6q,,xk9gg6d0,[{'uri': 'https://www.twitch.tv/videos/2209446266'}],,verified,8qrv5k0j,2024-07-29T15:47:46Z,"[{'rel': 'user', 'id': 'jm3z2mn8', 'uri': 'https://www.speedrun.com/api/v1/users/jm3z2mn8'}]",2024-07-28,2024-07-28T09:12:03Z,PT8M13S,493,PT8M13S,493,,0,,0,w89rwelk,True,o316x197,,5lmoxk01,5q8e86rq,,
55,y88nlw1y,https://www.speedrun.com/sm64/run/y88nlw1y,o1y9wo6q,,xk9gg6d0,[{'uri': 'https://www.twitch.tv/videos/1530112816'}],cool,verified,qxkm6mj0,2022-07-13T13:43:23Z,"[{'rel': 'user', 'id': '5j5gwr68', 'uri': 'https://www.speedrun.com/api/v1/users/5j5gwr68'}]",2022-07-12,2022-07-12T23:47:45Z,PT8M15S,495,PT8M15S,495,,0,,0,w89rwelk,True,pr184lqn,,5lmoxk01,5q8e86rq,,
55,zgq230vy,https://www.speedrun.com/sm64/run/zgq230vy,o1y9wo6q,,xk9gg6d0,[{'uri': 'https://youtu.be/oXZ3gTDXAkQ'}],lol,verified,qxkm6mj0,2022-09-14T12:32:59Z,"[{'rel': 'user', 'id': '8g547vyj', 'uri': 'https://www.speedrun.com/api/v1/users/8g547vyj'}]",2022-09-14,2022-09-14T10:00:43Z,PT8M15S,495,PT8M15S,495,,0,,0,w89rwelk,True,o316x197,,5lmoxk01,5q8e86rq,,
55,y863xpnm,https://www.speedrun.com/sm64/run/y863xpnm,o1y9wo6q,,xk9gg6d0,[{'uri': 'https://www.youtube.com/watch?v=nKbWI6-dN0o'}],OMG I DID IT,verified,qxkm6mj0,2023-04-26T17:22:27Z,"[{'rel': 'user', 'id': '86n94m0x', 'uri': 'https://www.speedrun.com/api/v1/users/86n94m0x'}]",2023-04-26,2023-04-26T16:12:34Z,PT8M15S,495,PT8M15S,495,,0,,0,w89rwelk,True,o316x197,,5lmoxk01,5q8e86rq,,
58,yvppe38y,https://www.speedrun.com/sm64/run/yvppe38y,o1y9wo6q,,xk9gg6d0,[{'uri': 'https://www.twitch.tv/videos/1871508022'}],Yay,verified,qxk4wo6j,2023-07-14T15:31:40Z,"[{'rel': 'user', 'id': '8v5nwrnj', 'uri': 'https://www.speedrun.com/api/v1/users/8v5nwrnj'}]",2023-07-14,2023-07-14T06:08:26Z,PT8M18S,498,PT8M18S,498,,0,,0,w89rwelk,True,pr184lqn,,5lmoxk01,5q8e86rq,,
59,zpw2n3gy,https://www.speedrun.com/sm64/run/zpw2n3gy,o1y9wo6q,,xk9gg6d0,[{'uri': 'https://www.youtube.com/watch?v=-GxjKck5dSg'}],,verified,qxkm6mj0,2023-06-19T23:43:31Z,"[{'rel': 'user', 'id': '18q5www8', 'uri': 'https://www.speedrun.com/api/v1/users/18q5www8'}]",2023-06-20,2023-06-19T16:58:18Z,PT8M20S,500,PT8M20S,500,,0,,0,w89rwelk,True,o316x197,,5lmoxk01,5q8e86rq,,
60,zqeqv4xz,https://www.speedrun.com/sm64/run/zqeqv4xz,o1y9wo6q,,xk9gg6d0,[{'uri': 'https://www.twitch.tv/videos/1757235788'}],"Had to submit a new emulator pb because I got ultimate :p

mod note: retimed to 8:21",verified,qxkm6mj0,2023-03-06T13:33:42Z,"[{'rel': 'user', 'id': 'xk41ok7j', 'uri': 'https://www.speedrun.com/api/v1/users/xk41ok7j'}]",2023-03-06,2023-03-06T11:35:06Z,PT8M21S,501,PT8M21S,501,,0,,0,w89rwelk,True,pr184lqn,,5lmoxk01,5q8e86rq,,
61,yvp92oey,https://www.speedrun.com/sm64/run/yvp92oey,o1y9wo6q,,xk9gg6d0,[{'uri': 'https://www.youtube.com/watch?v=Ouy7uXYOiR8'}],,verified,qxkm6mj0,2023-05-28T13:51:32Z,"[{'rel': 'user', 'id': 'pj0rd9mj', 'uri': 'https://www.speedrun.com/api/v1/users/pj0rd9mj'}]",2023-05-28,2023-05-28T09:51:22Z,PT8M22S,502,PT8M22S,502,,0,,0,w89rwelk,True,pr184lqn,,5lmoxk01,5q8e86rq,,
61,yoq048jz,https://www.speedrun.com/sm64/run/yoq048jz,o1y9wo6q,,xk9gg6d0,[{'uri': 'https://www.youtube.com/watch?v=nsSSa2H9u0s'}],,verified,j2wnprnj,2025-02-25T12:16:57Z,"[{'rel': 'user', 'id': 'j5q9m3nj', 'uri': 'https://www.speedrun.com/api/v1/users/j5q9m3nj'}]",2025-02-25,2025-02-25T10:16:06Z,PT8M22S,502,PT8M22S,502,,0,,0,w89rwelk,True,o316x197,,5lmoxk01,5q8e86rq,,
61,yje04p7m,https://www.speedrun.com/sm64/run/yje04p7m,o1y9wo6q,,xk9gg6d0,[{'uri': 'https://www.youtube.com/watch?v=tO2B2hUTdiY'}],,verified,j2wnprnj,2025-04-11T03:50:13Z,"[{'rel': 'user', 'id': '8rm455qj', 'uri': 'https://www.speedrun.com/api/v1/users/8rm455qj'}]",2025-04-07,2025-04-07T16:49:17Z,PT8M22S,502,PT8M22S,502,,0,,0,w89rwelk,True,o316x197,,5lmoxk01,5q8e86rq,,
64,zgqn38ey,https://www.speedrun.com/sm64/run/zgqn38ey,o1y9wo6q,,xk9gg6d0,[{'uri': 'https://www.twitch.tv/videos/1548889879'}],,verified,qxkm6mj0,2022-08-01T12:39:32Z,"[{'rel': 'user', 'id': 'v810d5rx', 'uri': 'https://www.speedrun.com/api/v1/users/v810d5rx'}]",2022-07-31,2022-08-01T04:20:58Z,PT8M24S,504,PT8M24S,504,,0,,0,w89rwelk,True,pr184lqn,,5lmoxk01,5q8e86rq,,
64,y4l9j9kz,https://www.speedrun.com/sm64/run/y4l9j9kz,o1y9wo6q,,xk9gg6d0,[{'uri': 'https://www.twitch.tv/videos/2193465705'}],i would like to announce t hat t his run is not perfevct and it has mistakes,verified,8lpgwllj,2024-07-09T22:10:27Z,"[{'rel': 'user', 'id': 'x3w377ej', 'uri': 'https://www.speedrun.com/api/v1/users/x3w377ej'}]",2024-07-09,2024-07-09T20:27:15Z,PT8M24S,504,PT8M24S,504,,0,,0,w89rwelk,True,o316x197,,5lmoxk01,5q8e86rq,,
66,z1vl7gjz,https://www.speedrun.com/sm64/run/z1vl7gjz,o1y9wo6q,,xk9gg6d0,[{'uri': 'https://youtu.be/aDLG2Yi85Wk?si=4tFu5yTmkRgJBuzM'}],"my laptop was not plugged in while i was recording on accident, video quality drops from time to time ",verified,zx7gkrx7,2025-02-19T16:59:06Z,"[{'rel': 'user', 'id': 'j2wnprnj', 'uri': 'https://www.speedrun.com/api/v1/users/j2wnprnj'}]",2025-02-18,2025-02-18T11:18:17Z,PT8M26S,506,PT8M26S,506,,0,,0,w89rwelk,True,pr184lqn,,5lmoxk01,5q8e86rq,,
67,mk0704xz,https://www.speedrun.com/sm64/run/mk0704xz,o1y9wo6q,,xk9gg6d0,[{'uri': 'https://www.youtube.com/watch?v=6EYLpa-8scM'}],cool,verified,qxkm6mj0,2023-06-05T12:38:56Z,"[{'rel': 'user', 'id': 'x72zygq8', 'uri': 'https://www.speedrun.com/api/v1/users/x72zygq8'}]",2023-06-04,2023-06-05T04:49:53Z,PT8M28S,508,PT8M28S,508,,0,,0,w89rwelk,True,o316x197,,5lmoxk01,5q8e86rq,,
68,y62okl6z,https://www.speedrun.com/sm64/run/y62okl6z,o1y9wo6q,,xk9gg6d0,[{'uri': 'https://www.twitch.tv/videos/1867805559'}],,verified,j4232gmx,2023-07-10T16:33:35Z,"[{'rel': 'user', 'id': 'joo4ykej', 'uri': 'https://www.speedrun.com/api/v1/users/joo4ykej'}]",2023-07-10,2023-07-09T23:09:38Z,PT8M33S,513,PT8M33S,513,,0,,0,w89rwelk,True,o316x197,,5lmoxk01,5q8e86rq,,
69,znp350vm,https://www.speedrun.com/sm64/run/znp350vm,o1y9wo6q,,xk9gg6d0,[{'uri': 'https://www.youtube.com/watch?v=4N3zIVZhoFI'}],"How to blj

mod note: retimed to 8:34",verified,qxkm6mj0,2022-05-06T21:01:55Z,"[{'rel': 'user', 'id': '18v7n5n8', 'uri': 'https://www.speedrun.com/api/v1/users/18v7n5n8'}]",2022-05-06,2022-05-06T18:53:50Z,PT8M34S,514,PT8M34S,514,,0,,0,w89rwelk,True,o316x197,,5lmoxk01,5q8e86rq,,
70,mk4w3dvy,https://www.speedrun.com/sm64/run/mk4w3dvy,o1y9wo6q,,xk9gg6d0,[{'uri': 'https://www.youtube.com/watch?v=Euk9REz82iE'}],,verified,e8e9ze2j,2018-02-21T10:25:38Z,"[{'rel': 'user', 'id': 'kjp9p28q', 'uri': 'https://www.speedrun.com/api/v1/users/kjp9p28q'}]",2018-02-20,2018-02-20T21:46:22Z,PT8M36S,516,PT8M36S,516,,0,,0,w89rwelk,True,o316x197,,5lmoxk01,5q8e86rq,,
70,y65kdn1z,https://www.speedrun.com/sm64/run/y65kdn1z,o1y9wo6q,,xk9gg6d0,[{'uri': 'https://youtu.be/9wGrjMyZFPE'}],,verified,e8e9ze2j,2020-09-03T22:55:05Z,"[{'rel': 'user', 'id': 'qxkk329x', 'uri': 'https://www.speedrun.com/api/v1/users/qxkk329x'}]",2020-08-31,2020-08-31T05:20:59Z,PT8M36S,516,PT8M36S,516,,0,,0,w89rwelk,True,o316x197,,5lmoxk01,5q8e86rq,,
72,yo097v5y,https://www.speedrun.com/sm64/run/yo097v5y,o1y9wo6q,,xk9gg6d0,[{'uri': 'https://youtu.be/t0n_xsLsSlI'}],,verified,pj0zm38w,2024-03-21T15:24:09Z,"[{'rel': 'user', 'id': 'xyrkgynj', 'uri': 'https://www.speedrun.com/api/v1/users/xyrkgynj'}]",2024-03-20,2024-03-20T23:54:25Z,PT8M38S,518,PT8M38S,518,,0,,0,w89rwelk,True,o316x197,,5lmoxk01,5q8e86rq,,
73,zqj8nv9m,https://www.speedrun.com/sm64/run/zqj8nv9m,o1y9wo6q,,xk9gg6d0,[{'uri': 'https://www.youtube.com/watch?v=evmVrlPj-XI'}],,verified,qxkm6mj0,2023-07-27T11:30:19Z,"[{'rel': 'user', 'id': 'jn9qe22x', 'uri': 'https://www.speedrun.com/api/v1/users/jn9qe22x'}]",2023-07-23,2023-07-23T19:19:13Z,PT8M39S,519,PT8M39S,519,,0,,0,w89rwelk,True,o316x197,,5lmoxk01,5q8e86rq,splits.io,https://splits.io/api/v3/runs/b0ef
74,zglnr5dm,https://www.speedrun.com/sm64/run/zglnr5dm,o1y9wo6q,,xk9gg6d0,[{'uri': 'https://www.bilibili.com/video/BV1Jp4y1d7Jj'}],.,verified,j4232gmx,2024-02-23T15:59:42Z,"[{'rel': 'user', 'id': '8lpv62lj', 'uri': 'https://www.speedrun.com/api/v1/users/8lpv62lj'}]",2023-12-27,2024-02-20T02:00:05Z,PT8M44S,524,PT8M44S,524,,0,,0,w89rwelk,True,o316x197,,5lmoxk01,5q8e86rq,,
75,y4lrl1dz,https://www.speedrun.com/sm64/run/y4lrl1dz,o1y9wo6q,,xk9gg6d0,[{'uri': 'https://www.twitch.tv/videos/2224678326'}],Insane 2nd try DDD skip,verified,8lpgwllj,2024-08-16T23:27:06Z,"[{'rel': 'user', 'id': 'kj9novo8', 'uri': 'https://www.speedrun.com/api/v1/users/kj9novo8'}]",2024-08-15,2024-08-15T04:26:51Z,PT8M46S,526,PT8M46S,526,,0,,0,w89rwelk,True,pr184lqn,,5lmoxk01,5q8e86rq,,
76,y9v662nm,https://www.speedrun.com/sm64/run/y9v662nm,o1y9wo6q,,xk9gg6d0,[{'uri': 'https://youtu.be/AiGxahsyoYM'}],mod note: changed category from 120 star to 0 star,verified,qxkm6mj0,2022-06-09T15:47:04Z,"[{'rel': 'user', 'id': '8l02n628', 'uri': 'https://www.speedrun.com/api/v1/users/8l02n628'}]",2022-06-09,2022-06-09T14:34:31Z,PT8M50S,530,PT8M50S,530,,0,,0,w89rwelk,True,o316x197,,5lmoxk01,5q8e86rq,,
76,y2pggk9z,https://www.speedrun.com/sm64/run/y2pggk9z,o1y9wo6q,,xk9gg6d0,[{'uri': 'https://youtu.be/EePeKJ9CoXo'}],,verified,qxkm6mj0,2022-06-15T13:09:35Z,"[{'rel': 'user', 'id': 'xk4rk32j', 'uri': 'https://www.speedrun.com/api/v1/users/xk4rk32j'}]",2022-06-14,2022-06-15T03:53:48Z,PT8M50S,530,PT8M50S,530,,0,,0,w89rwelk,True,o316x197,,5lmoxk01,5q8e86rq,,
78,y4l138kz,https://www.speedrun.com/sm64/run/y4l138kz,o1y9wo6q,,xk9gg6d0,[{'uri': 'https://www.youtube.com/watch?v=S8-AHJb7AuA'}],"horrible run

Mod note: retimed to 8:53(.966)",verified,j2w1w5lj,2024-07-22T15:50:33Z,"[{'rel': 'user', 'id': '8en063p8', 'uri': 'https://www.speedrun.com/api/v1/users/8en063p8'}]",2024-07-22,2024-07-22T00:46:28Z,PT8M53S,533,PT8M53S,533,,0,,0,w89rwelk,True,o316x197,,5lmoxk01,5q8e86rq,,
79,z5k42kjz,https://www.speedrun.com/sm64/run/z5k42kjz,o1y9wo6q,,xk9gg6d0,"[{'uri': 'https://www.youtube.com/watch?v=pewWc4GuWuc'}, {'uri': 'https://www.youtube.com/watch?v=GgMcp_vJgvY'}]","Although I missed the final goal, I still got sub9, which is a good PB.

(Played on Project64 1.6)

Full Video:https://www.youtube.com/watch?v=pewWc4GuWuc",verified,qxk4wo6j,2024-01-29T04:41:48Z,"[{'rel': 'user', 'id': 'j26ewg7x', 'uri': 'https://www.speedrun.com/api/v1/users/j26ewg7x'}]",2024-01-28,2024-01-28T10:35:58Z,PT8M54S,534,PT8M54S,534,,0,,0,w89rwelk,True,o316x197,,5lmoxk01,5q8e86rq,,
80,mr920g4m,https://www.speedrun.com/sm64/run/mr920g4m,o1y9wo6q,,xk9gg6d0,[{'uri': 'https://youtu.be/fmkrrCtqaHA'}],,verified,zx7gkrx7,2020-12-08T21:43:19Z,"[{'rel': 'user', 'id': 'qj2rklpx', 'uri': 'https://www.speedrun.com/api/v1/users/qj2rklpx'}]",2020-12-03,2020-12-03T09:54:27Z,PT8M59S,539,PT8M59S,539,,0,,0,w89rwelk,True,o316x197,,5lmoxk01,5q8e86rq,,
81,m3r43jqm,https://www.speedrun.com/sm64/run/m3r43jqm,o1y9wo6q,,xk9gg6d0,[{'uri': 'https://www.youtube.com/watch?v=wZRjLsqasYw'}],"mod note: retimed to 9:00(.20)
retimed using first frame of sm64 logo @ 1.33 as described in rules",verified,qxkm6mj0,2021-07-11T20:24:24Z,"[{'rel': 'user', 'id': 'jo3o7dej', 'uri': 'https://www.speedrun.com/api/v1/users/jo3o7dej'}]",2021-07-11,2021-07-11T20:15:14Z,PT9M,540,PT9M,540,,0,,0,w89rwelk,True,pr184lqn,,5lmoxk01,5q8e86rq,,
81,yjddnp7y,https://www.speedrun.com/sm64/run/yjddnp7y,o1y9wo6q,,xk9gg6d0,[{'uri': 'https://www.youtube.com/watch?v=XP_QPEogE7I'}],>Accidentally doing DDD Skip not having ever performed it in my life before.,verified,j4232gmx,2022-09-14T03:37:30Z,"[{'rel': 'user', 'id': 'pj0eny48', 'uri': 'https://www.speedrun.com/api/v1/users/pj0eny48'}]",2022-09-12,2022-09-14T00:28:43Z,PT9M,540,PT9M,540,,0,,0,w89rwelk,True,o316x197,,5lmoxk01,5q8e86rq,,
83,yvq5ro8m,https://www.speedrun.com/sm64/run/yvq5ro8m,o1y9wo6q,,xk9gg6d0,[{'uri': 'https://youtu.be/VR156w8YSNk'}],"ai ai ai ai ai, ai ai ai, ser bandido é bom demais, olha só o que ela faz, quando vê a peça do paii

mod note: selected emulator checkbox",verified,qxkm6mj0,2022-03-07T14:40:44Z,"[{'rel': 'user', 'id': '863719q8', 'uri': 'https://www.speedrun.com/api/v1/users/863719q8'}]",2021-12-05,2022-03-07T00:53:13Z,PT9M6S,546,PT9M6S,546,,0,,0,w89rwelk,True,o316x197,,5lmoxk01,5q8e86rq,,
84,y2pke6jz,https://www.speedrun.com/sm64/run/y2pke6jz,o1y9wo6q,,xk9gg6d0,[{'uri': 'https://www.twitch.tv/videos/1508503030'}],ult ddd skip lmao,verified,qxkm6mj0,2022-06-19T22:09:52Z,"[{'rel': 'user', 'id': '8vkqwknj', 'uri': 'https://www.speedrun.com/api/v1/users/8vkqwknj'}]",2022-06-19,2022-06-19T21:43:53Z,PT9M10S,550,PT9M10S,550,,0,,0,w89rwelk,True,o316x197,,5lmoxk01,5q8e86rq,,
85,zqjok78m,https://www.speedrun.com/sm64/run/zqjok78m,o1y9wo6q,,xk9gg6d0,[{'uri': 'https://youtu.be/lKlOswzrmfk'}],,verified,j03z503j,2023-08-23T05:46:32Z,"[{'rel': 'user', 'id': '8d3mywlx', 'uri': 'https://www.speedrun.com/api/v1/users/8d3mywlx'}]",2023-08-19,2023-08-19T20:57:46Z,PT9M15S,555,PT9M15S,555,,0,,0,w89rwelk,True,o316x197,,5lmoxk01,5q8e86rq,,
86,pm3v76z0,https://www.speedrun.com/sm64/run/pm3v76z0,o1y9wo6q,,xk9gg6d0,[{'uri': 'http://www.nicovideo.jp/watch/sm13005054'}],,verified,,,"[{'rel': 'guest', 'name': '[jp]もっこり (Mokkori)', 'uri': 'https://www.speedrun.com/api/v1/guests/%5Bjp%5D%E3%82%82%E3%81%A3%E3%81%93%E3%82%8A+%28Mokkori%29'}]",2010-12-12,,PT9M17S,557,PT9M17S,557,,0,,0,w89rwelk,True,o316x197,,5lmoxk01,5q8e86rq,,
87,yvrv04ez,https://www.speedrun.com/sm64/run/yvrv04ez,o1y9wo6q,,xk9gg6d0,"[{'uri': 'https://www.twitch.tv/videos/1508362560'}, {'uri': 'https://youtu.be/R_DNrCxgfiA'}]",https://www.twitch.tv/videos/1508362560,verified,qxkm6mj0,2022-06-19T21:30:48Z,"[{'rel': 'user', 'id': 'xkmp5p7j', 'uri': 'https://www.speedrun.com/api/v1/users/xkmp5p7j'}]",2022-06-19,2022-06-19T19:14:55Z,PT9M19S,559,PT9M19S,559,,0,,0,w89rwelk,True,o316x197,,5lmoxk01,5q8e86rq,,
87,zq78k3rm,https://www.speedrun.com/sm64/run/zq78k3rm,o1y9wo6q,,xk9gg6d0,[{'uri': 'https://youtu.be/oRC1eIdofZ0'}],died twice in bits lmfao but sub 9:30 and league points,verified,qxkm6mj0,2022-06-22T13:25:15Z,"[{'rel': 'user', 'id': '8g5772rj', 'uri': 'https://www.speedrun.com/api/v1/users/8g5772rj'}]",2022-06-22,2022-06-21T22:44:04Z,PT9M19S,559,PT9M19S,559,,0,,0,w89rwelk,True,o316x197,,5lmoxk01,5q8e86rq,,
89,y2p2dv5z,https://www.speedrun.com/sm64/run/y2p2dv5z,o1y9wo6q,,xk9gg6d0,[{'uri': 'https://www.twitch.tv/videos/1511176492'}],"mod note: retimed to 9:21(.13), timer started late",verified,qxkm6mj0,2022-06-23T13:13:53Z,"[{'rel': 'user', 'id': '863k2ww8', 'uri': 'https://www.speedrun.com/api/v1/users/863k2ww8'}]",2022-06-22,2022-06-22T19:42:15Z,PT9M21S,561,PT9M21S,561,,0,,0,w89rwelk,True,o316x197,,5lmoxk01,5q8e86rq,,
90,y80d3jdm,https://www.speedrun.com/sm64/run/y80d3jdm,o1y9wo6q,,xk9gg6d0,[{'uri': 'https://youtu.be/xizN4_NYsi8'}],Mod note: Retimed to 9:23,verified,j4232gmx,2023-01-12T02:41:25Z,"[{'rel': 'user', 'id': 'zx7dz1vx', 'uri': 'https://www.speedrun.com/api/v1/users/zx7dz1vx'}]",2023-01-11,2023-01-11T15:46:55Z,PT9M23S,563,PT9M23S,563,,0,,0,w89rwelk,True,pr184lqn,,5lmoxk01,5q8e86rq,splits.io,https://splits.io/api/v3/runs/abtq
90,z0jrk44y,https://www.speedrun.com/sm64/run/z0jrk44y,o1y9wo6q,,xk9gg6d0,[{'uri': 'https://www.youtube.com/watch?v=34NCq8DFmjQ&t'}],"Lol

mod note: leave milliseconds field clear when submitting, set Verified field to Yes when submitting, please crop less at the top and bottom of the screen for future submissions (HUD elements are partially offscreen), retimed to 9:23",verified,qxkm6mj0,2023-06-14T14:29:49Z,"[{'rel': 'user', 'id': 'xz06gme8', 'uri': 'https://www.speedrun.com/api/v1/users/xz06gme8'}]",2023-06-12,2023-06-12T20:10:08Z,PT9M23S,563,PT9M23S,563,,0,,0,w89rwelk,True,pr184lqn,,5lmoxk01,5q8e86rq,,
92,me97n82z,https://www.speedrun.com/sm64/run/me97n82z,o1y9wo6q,,xk9gg6d0,[{'uri': 'https://www.twitch.tv/videos/905219787'}],,verified,v8159vlj,2021-02-07T23:29:44Z,"[{'rel': 'user', 'id': '86v01k5j', 'uri': 'https://www.speedrun.com/api/v1/users/86v01k5j'}]",2021-02-07,2021-02-07T20:33:13Z,PT9M24S,564,PT9M24S,564,,0,,0,w89rwelk,True,pr184lqn,,5lmoxk01,5q8e86rq,,
93,z5g92ogm,https://www.speedrun.com/sm64/run/z5g92ogm,o1y9wo6q,,xk9gg6d0,[{'uri': 'https://www.twitch.tv/videos/2308626921'}],,verified,8lpgwllj,2024-11-28T02:09:57Z,"[{'rel': 'user', 'id': 'v81k2epj', 'uri': 'https://www.speedrun.com/api/v1/users/v81k2epj'}]",2024-11-23,2024-11-23T00:11:26Z,PT9M27S,567,PT9M27S,567,,0,,0,w89rwelk,True,o316x197,,5lmoxk01,5q8e86rq,,
94,y4kv1pdm,https://www.speedrun.com/sm64/run/y4kv1pdm,o1y9wo6q,,xk9gg6d0,[{'uri': 'https://youtu.be/uy2Z1yMCL8k'}],"This is legit my 1st attempt ever, I got 1st try dddskip but everything else was disastrous.",verified,pj0zm38w,2024-01-21T21:49:36Z,"[{'rel': 'user', 'id': 'xz27094x', 'uri': 'https://www.speedrun.com/api/v1/users/xz27094x'}]",2024-01-21,2024-01-21T14:22:18Z,PT9M31S,571,PT9M31S,571,,0,,0,w89rwelk,True,o316x197,,5lmoxk01,5q8e86rq,,
95,zn1kp89m,https://www.speedrun.com/sm64/run/zn1kp89m,o1y9wo6q,,xk9gg6d0,[{'uri': 'https://www.youtube.com/watch?v=klD2w0zSt6I'}],I dont have to do this anymore PogU,verified,v8159vlj,2021-04-29T00:22:31Z,"[{'rel': 'user', 'id': 'j2yzn568', 'uri': 'https://www.speedrun.com/api/v1/users/j2yzn568'}]",2021-04-28,2021-04-28T12:19:24Z,PT9M36S,576,PT9M36S,576,,0,,0,w89rwelk,True,pr184lqn,,5lmoxk01,5q8e86rq,,
96,z08gj94m,https://www.speedrun.com/sm64/run/z08gj94m,o1y9wo6q,,xk9gg6d0,[{'uri': 'https://www.youtube.com/watch?v=o_Ncgz-pl_Y'}],,verified,8q316z7j,2025-04-14T21:59:34Z,"[{'rel': 'user', 'id': '8ee7z5p8', 'uri': 'https://www.speedrun.com/api/v1/users/8ee7z5p8'}]",2025-04-10,2025-04-10T16:42:41Z,PT9M57S,597,PT9M57S,597,,0,,0,w89rwelk,True,o316x197,,5lmoxk01,5q8e86rq,,
97,mkqnvplm,https://www.speedrun.com/sm64/run/mkqnvplm,o1y9wo6q,,xk9gg6d0,[{'uri': 'https://www.twitch.tv/videos/2046410958'}],hi,verified,qxk241kx,2024-01-29T15:37:58Z,"[{'rel': 'user', 'id': '8vok3myx', 'uri': 'https://www.speedrun.com/api/v1/users/8vok3myx'}]",2024-01-28,2024-01-28T19:59:32Z,PT10M,600,PT10M,600,,0,,0,w89rwelk,True,o316x197,,5lmoxk01,5q8e86rq,,
98,m7nre80z,https://www.speedrun.com/sm64/run/m7nre80z,o1y9wo6q,,xk9gg6d0,[{'uri': 'https://www.youtube.com/watch?v=Gib7upA9k0c'}],and with this I completed all five categories,verified,8lpgwllj,2024-07-04T23:39:40Z,"[{'rel': 'user', 'id': 'xk3md7m8', 'uri': 'https://www.speedrun.com/api/v1/users/xk3md7m8'}]",2024-06-30,2024-07-03T23:45:43Z,PT10M13S,613,PT10M13S,613,,0,,0,w89rwelk,True,o316x197,,5lmoxk01,5q8e86rq,,
99,y998x1ky,https://www.speedrun.com/sm64/run/y998x1ky,o1y9wo6q,,xk9gg6d0,[{'uri': 'https://www.youtube.com/watch?v=xrusQXDkaqg'}],,verified,1xyky4n8,2021-06-12T15:01:54Z,"[{'rel': 'user', 'id': '8ge9k0rj', 'uri': 'https://www.speedrun.com/api/v1/users/8ge9k0rj'}]",2021-06-09,2021-06-10T00:57:53Z,PT10M14S,614,PT10M14S,614,,0,,0,w89rwelk,True,o316x197,,5lmoxk01,5q8e86rq,,
99,zq89xl8z,https://www.speedrun.com/sm64/run/zq89xl8z,o1y9wo6q,,xk9gg6d0,[{'uri': 'https://www.youtube.com/watch?v=lKWFJZmixXs'}],Mod note: removed ms,verified,pj0zm38w,2024-04-25T13:49:23Z,"[{'rel': 'user', 'id': '8d0125lx', 'uri': 'https://www.speedrun.com/api/v1/users/8d0125lx'}]",2024-04-25,2024-04-25T03:12:28Z,PT10M14S,614,PT10M14S,614,,0,,0,w89rwelk,True,o316x197,,5lmoxk01,5q8e86rq,,
101,y8od43nm,https://www.speedrun.com/sm64/run/y8od43nm,o1y9wo6q,,xk9gg6d0,[{'uri': 'https://youtu.be/_TmNwzNnDq4'}],"DDDeez nuts

mod note: toggled the emulator checkbox at the bottom of the form to avoid auto rejection",verified,j2w1w5lj,2025-01-15T17:35:58Z,"[{'rel': 'user', 'id': '8r1gmg6j', 'uri': 'https://www.speedrun.com/api/v1/users/8r1gmg6j'}]",2025-01-14,2025-01-15T03:03:42Z,PT10M18S,618,PT10M18S,618,,0,,0,w89rwelk,True,o316x197,,5lmoxk01,5q8e86rq,,
102,y21rj95z,https://www.speedrun.com/sm64/run/y21rj95z,o1y9wo6q,,xk9gg6d0,[{'uri': 'https://www.twitch.tv/videos/546612891'}],POG SUB 10 COMING SOON,verified,v815edqj,2020-02-04T10:18:41Z,"[{'rel': 'user', 'id': 'qj2l346x', 'uri': 'https://www.speedrun.com/api/v1/users/qj2l346x'}]",2020-02-03,2020-02-04T07:59:38Z,PT10M36S,636,PT10M36S,636,,0,,0,w89rwelk,True,o316x197,,5lmoxk01,5q8e86rq,,
103,dy4n7qml,https://www.speedrun.com/sm64/run/dy4n7qml,o1y9wo6q,,xk9gg6d0,[{'uri': 'http://www.nicovideo.jp/watch/sm9282173'}],"mod note:  verified: no due missing video, linked video is a different run by the same runner",verified,,,"[{'rel': 'guest', 'name': '[jp]なまえがない (No-NamE)', 'uri': 'https://www.speedrun.com/api/v1/guests/%5Bjp%5D%E3%81%AA%E3%81%BE%E3%81%88%E3%81%8C%E3%81%AA%E3%81%84+%28No-NamE%29'}]",2010-03-31,2024-04-17T14:37:08Z,PT10M40S,640,PT10M40S,640,,0,,0,w89rwelk,True,o316x197,,5lmoxk01,4qyxop3l,,
104,mrk7x62y,https://www.speedrun.com/sm64/run/mrk7x62y,o1y9wo6q,,xk9gg6d0,[{'uri': 'https://youtu.be/UdxxzRaKbyA'}],first 0 run poggers,verified,7j47lplj,2020-06-10T03:58:35Z,"[{'rel': 'user', 'id': 'v81eydrj', 'uri': 'https://www.speedrun.com/api/v1/users/v81eydrj'}]",2020-06-09,2020-06-09T19:29:34Z,PT10M57S,657,PT10M57S,657,,0,,0,w89rwelk,True,o316x197,,5lmoxk01,5q8e86rq,,
105,y2kg01wy,https://www.speedrun.com/sm64/run/y2kg01wy,o1y9wo6q,,xk9gg6d0,[{'uri': 'https://www.twitch.tv/videos/1999493321'}],"idk whether to keep verified on or off but on was default

mod note: leave verified set to 'Yes' and leave milliseconds field clear when submitting, retimed to 11:03. there is a slight constant audio delay in this video, please try to fix this for future submissions",verified,qxkm6mj0,2023-12-15T01:23:31Z,"[{'rel': 'user', 'id': '8lrkpl78', 'uri': 'https://www.speedrun.com/api/v1/users/8lrkpl78'}]",2023-12-08,2023-12-09T15:22:35Z,PT11M3S,663,PT11M3S,663,,0,,0,w89rwelk,True,pr184lqn,,5lmoxk01,5q8e86rq,,
106,y6n47w6z,https://www.speedrun.com/sm64/run/y6n47w6z,o1y9wo6q,,xk9gg6d0,[{'uri': 'https://www.twitch.tv/videos/1425319096'}],"... ok

mod note: video corrupted at the start",verified,zx7gkrx7,2022-03-17T03:47:56Z,"[{'rel': 'user', 'id': '86nz1n0x', 'uri': 'https://www.speedrun.com/api/v1/users/86nz1n0x'}]",2022-03-16,2022-03-16T14:58:27Z,PT11M10S,670,PT11M10S,670,,0,,0,w89rwelk,True,o316x197,,5lmoxk01,4qyxop3l,,
106,yvpxwd6y,https://www.speedrun.com/sm64/run/yvpxwd6y,o1y9wo6q,,xk9gg6d0,[{'uri': 'https://www.youtube.com/watch?v=hCd-Y1eRdhk'}],,verified,qxkm6mj0,2023-07-29T13:05:33Z,"[{'rel': 'user', 'id': '8w1rr94x', 'uri': 'https://www.speedrun.com/api/v1/users/8w1rr94x'}]",2023-07-29,2023-07-29T09:12:07Z,PT11M10S,670,PT11M10S,670,,0,,0,w89rwelk,True,pr184lqn,,5lmoxk01,5q8e86rq,,
108,1zqpv9ml,https://www.speedrun.com/sm64/run/1zqpv9ml,o1y9wo6q,,xk9gg6d0,[{'uri': 'https://www.twitch.tv/pokeblok/v/45266482'}],First keyboard 0 star.,verified,,,"[{'rel': 'user', 'id': 'v8lo348m', 'uri': 'https://www.speedrun.com/api/v1/users/v8lo348m'}]",2014-10-23,,PT11M21S,681,PT11M21S,681,,0,,0,w89rwelk,True,pr184lqn,,5lmoxk01,5q8e86rq,,
109,z12e2pjy,https://www.speedrun.com/sm64/run/z12e2pjy,o1y9wo6q,,xk9gg6d0,[{'uri': 'https://youtu.be/rAiNn2XnxgA'}],Finally,verified,qxkm6mj0,2022-03-24T14:49:48Z,"[{'rel': 'user', 'id': '8r7zwndj', 'uri': 'https://www.speedrun.com/api/v1/users/8r7zwndj'}]",2022-03-24,2022-03-24T09:37:44Z,PT11M33S,693,PT11M33S,693,,0,,0,w89rwelk,True,pr184lqn,,5lmoxk01,5q8e86rq,,
110,zn7669vm,https://www.speedrun.com/sm64/run/zn7669vm,o1y9wo6q,,xk9gg6d0,[{'uri': 'https://www.twitch.tv/videos/1426637745'}],only took like 5 hours,verified,qxkm6mj0,2022-03-15T23:25:12Z,"[{'rel': 'user', 'id': 'j0vkm73x', 'uri': 'https://www.speedrun.com/api/v1/users/j0vkm73x'}]",2022-03-14,2022-03-15T03:47:56Z,PT11M36S,696,PT11M36S,696,,0,,0,w89rwelk,True,o316x197,,5lmoxk01,5q8e86rq,,
111,y4j7gqqy,https://www.speedrun.com/sm64/run/y4j7gqqy,o1y9wo6q,,xk9gg6d0,[{'uri': 'https://youtu.be/GkiuacuvJYw?si=Cy3N7GHYhY7n4XQI'}],"First 0 Star Run/Potentially Last TikTok PB

mod note: changed game region from 'None' to 'JPN / NTSC' to avoid auto rejection",verified,8lpgwllj,2025-01-19T23:05:34Z,"[{'rel': 'user', 'id': '8qrrp27j', 'uri': 'https://www.speedrun.com/api/v1/users/8qrrp27j'}]",2025-01-18,2025-01-19T09:14:51Z,PT11M49S,709,PT11M49S,709,,0,,0,w89rwelk,True,o316x197,,5lmoxk01,5q8e86rq,,
112,mr1lj5dz,https://www.speedrun.com/sm64/run/mr1lj5dz,o1y9wo6q,,xk9gg6d0,[{'uri': 'https://youtu.be/Y-llz2AAths'}],,verified,1xyky4n8,2021-06-12T14:52:15Z,"[{'rel': 'user', 'id': '8l0g37v8', 'uri': 'https://www.speedrun.com/api/v1/users/8l0g37v8'}]",2021-06-07,2021-06-07T21:40:40Z,PT12M,720,PT12M,720,,0,,0,w89rwelk,True,pr184lqn,,5lmoxk01,5q8e86rq,,
113,zpk85dvy,https://www.speedrun.com/sm64/run/zpk85dvy,o1y9wo6q,,xk9gg6d0,[{'uri': 'https://www.youtube.com/watch?v=20FKkBwe4ts'}],"sorry for loud music.

mod note: leave milliseconds field clear when submitting to avoid auto rejection.",verified,8q316z7j,2025-01-21T21:52:26Z,"[{'rel': 'user', 'id': '8qr5nl0j', 'uri': 'https://www.speedrun.com/api/v1/users/8qr5nl0j'}]",2025-01-20,2025-01-20T22:58:23Z,PT13M31S,811,PT13M31S,811,,0,,0,w89rwelk,True,o316x197,,5lmoxk01,5q8e86rq,,
114,y6qlpgpz,https://www.speedrun.com/sm64/run/y6qlpgpz,o1y9wo6q,,xk9gg6d0,[{'uri': 'https://youtu.be/7gL9znHqDTo'}],YAAYAYAYAYAYAYAAYYY,verified,8q3dqn7j,2023-09-26T20:00:41Z,"[{'rel': 'user', 'id': '81m4wnq8', 'uri': 'https://www.speedrun.com/api/v1/users/81m4wnq8'}]",2023-09-24,2023-09-24T20:57:45Z,PT13M35S,815,PT13M35S,815,,0,,0,w89rwelk,True,pr184lqn,,5lmoxk01,5q8e86rq,,
115,zgedl2ny,https://www.speedrun.com/sm64/run/zgedl2ny,o1y9wo6q,,xk9gg6d0,[{'uri': 'https://www.twitch.tv/videos/1853456756'}],"forgot to offset by a second on splits, but got a 0 run done!",verified,qxkm6mj0,2023-06-23T14:09:34Z,"[{'rel': 'user', 'id': 'j20qnrlx', 'uri': 'https://www.speedrun.com/api/v1/users/j20qnrlx'}]",2023-06-23,2023-06-23T04:28:12Z,PT14M17S,857,PT14M17S,857,,0,,0,w89rwelk,True,o316x197,,5lmoxk01,5q8e86rq,,
116,zpx0wdvm,https://www.speedrun.com/sm64/run/zpx0wdvm,o1y9wo6q,,xk9gg6d0,[{'uri': 'https://www.twitch.tv/videos/2201737076'}],PLS don't use headphones for verification for your sanity,verified,8lpgwllj,2024-07-19T23:16:26Z,"[{'rel': 'user', 'id': '8g51pypj', 'uri': 'https://www.speedrun.com/api/v1/users/8g51pypj'}]",2024-07-19,2024-07-19T14:41:09Z,PT16M46S,1006,PT16M46S,1006,,0,,0,w89rwelk,True,o316x197,,5lmoxk01,5q8e86rq,,
117,m7wjqg9z,https://www.speedrun.com/sm64/run/m7wjqg9z,o1y9wo6q,,xk9gg6d0,[{'uri': 'https://www.youtube.com/watch?v=_7j3YaU4T_M'}],,verified,zx7gkrx7,2022-03-11T06:55:14Z,"[{'rel': 'user', 'id': '86vm37pj', 'uri': 'https://www.speedrun.com/api/v1/users/86vm37pj'}]",2022-03-10,2022-03-11T04:37:25Z,PT18M21S,1101,PT18M21S,1101,,0,,0,w89rwelk,True,pr184lqn,,5lmoxk01,5q8e86rq,,
118,z5pv69nm,https://www.speedrun.com/sm64/run/z5pv69nm,o1y9wo6q,,xk9gg6d0,[{'uri': 'https://youtu.be/QdV9Ro6ukp8'}],,verified,qxk4wo6j,2023-06-24T04:54:30Z,"[{'rel': 'user', 'id': 'jn3kg62x', 'uri': 'https://www.speedrun.com/api/v1/users/jn3kg62x'}]",2023-06-23,2023-06-24T00:44:17Z,PT19M43S,1183,PT19M43S,1183,,0,,0,w89rwelk,True,pr184lqn,,5lmoxk01,5q8e86rq,,
119,m300dd4m,https://www.speedrun.com/sm64/run/m300dd4m,o1y9wo6q,,xk9gg6d0,[{'uri': 'https://youtu.be/YL2bzDkLZiU'}],"will improve, everything after ddd skip was horrible due to insane nerves",verified,8lpgwllj,2024-05-12T23:51:48Z,"[{'rel': 'user', 'id': 'zxzz9vex', 'uri': 'https://www.speedrun.com/api/v1/users/zxzz9vex'}]",2024-05-12,2024-05-12T22:16:32Z,PT20M2S,1202,PT20M2S,1202,,0,,0,w89rwelk,True,o316x197,,5lmoxk01,5q8e86rq,,
120,yo6dpl0y,https://www.speedrun.com/sm64/run/yo6dpl0y,o1y9wo6q,,xk9gg6d0,[{'uri': 'https://www.youtube.com/watch?v=kZ2vADt95Lw'}],"bad, gg",verified,qxkm6mj0,2021-09-17T21:58:28Z,"[{'rel': 'user', 'id': '18vdp928', 'uri': 'https://www.speedrun.com/api/v1/users/18vdp928'}]",2021-09-17,2021-09-17T21:06:38Z,PT20M43S,1243,PT20M43S,1243,,0,,0,w89rwelk,True,o316x197,,5lmoxk01,5q8e86rq,,
121,m7e5rxez,https://www.speedrun.com/sm64/run/m7e5rxez,o1y9wo6q,,xk9gg6d0,[{'uri': 'https://www.youtube.com/watch?v=t8Qk1BWUY4g'}],OMG I did it !!!!!,verified,j2w1w5lj,2025-01-06T17:29:40Z,"[{'rel': 'user', 'id': '8go0g47x', 'uri': 'https://www.speedrun.com/api/v1/users/8go0g47x'}]",2025-01-04,2025-01-04T14:29:37Z,PT21M4S,1264,PT21M4S,1264,,0,,0,w89rwelk,True,o316x197,,5lmoxk01,5q8e86rq,,
122,yw4jx19z,https://www.speedrun.com/sm64/run/yw4jx19z,o1y9wo6q,,xk9gg6d0,[{'uri': 'https://www.youtube.com/watch?v=TpVZ2oYYlQY'}],"? I FINALLY GOT A 0 STAR RUN ? SUPER MARIO 64 ? 0 STAR ⭐ SPEEDRUN ⏰ 26:16.24 ? iZePlayz

Game: Super Mario 64
Speedrun Category: 0 Star
Platform: Emulator
Game-Region: Japan
Time: 26:16.24",verified,v813dylx,2019-09-25T18:53:06Z,"[{'rel': 'user', 'id': 'qj2rw3ox', 'uri': 'https://www.speedrun.com/api/v1/users/qj2rw3ox'}]",2019-09-21,2019-09-21T02:59:53Z,PT26M16S,1576,PT26M16S,1576,,0,,0,w89rwelk,True,o316x197,,5lmoxk01,5q8e86rq,,
123,y4gp7w3y,https://www.speedrun.com/sm64/run/y4gp7w3y,o1y9wo6q,,xk9gg6d0,[{'uri': 'https://www.youtube.com/watch?v=e_N3C1yaAW4'}],"very awesome

mod note: 'verified: no' due to 24 fps recording, for emu you preferably want to record at 30 fps, retimed to 45:06",verified,zx7gkrx7,2023-04-19T21:03:23Z,"[{'rel': 'user', 'id': 'qxk59y7x', 'uri': 'https://www.speedrun.com/api/v1/users/qxk59y7x'}]",2023-04-18,2023-04-18T17:01:46Z,PT45M6S,2706,PT45M6S,2706,,0,,0,w89rwelk,True,pr184lqn,,5lmoxk01,4qyxop3l,,
124,me3elj9z,https://www.speedrun.com/sm64/run/me3elj9z,o1y9wo6q,,xk9gg6d0,[{'uri': 'https://www.twitch.tv/videos/1499250176'}],"just did this for fun, I don't have any plans to properly learn DDD Skip or anything. The brain behind the run is Cysse64, thanks for telling me what to do ^^",verified,zx7gkrx7,2022-06-11T03:17:17Z,"[{'rel': 'user', 'id': 'j5vgmmg8', 'uri': 'https://www.speedrun.com/api/v1/users/j5vgmmg8'}]",2022-06-09,2022-06-09T20:50:07Z,PT47M43S,2863,PT47M43S,2863,,0,,0,w89rwelk,True,pr184lqn,,5lmoxk01,5q8e86rq,,
