place,run.id,run.weblink,run.game,run.level,run.category,run.videos.links,run.comment,run.status.status,run.status.examiner,run.status.verify-date,run.players,run.date,run.submitted,run.times.primary,run.times.primary_t,run.times.realtime,run.times.realtime_t,run.times.realtime_noloads,run.times.realtime_noloads_t,run.times.ingame,run.times.ingame_t,run.system.platform,run.system.emulated,run.system.region,run.splits,run.values.e8m7em86,run.values.kn04ewol,run.videos.text,run.splits.rel,run.splits.uri,run.videos
1,ywwwer2y,https://www.speedrun.com/sm64/run/ywwwer2y,o1y9wo6q,,xk9gg6d0,"[{'uri': 'https://www.youtube.com/watch?v=ToC7Wc0bvqs'}, {'uri': 'https://youtu.be/jmgAX1zUeQc'}]","finally got 615

https://www.youtube.com/watch?v=ToC7Wc0bvqs

Mod note: This run was done on 3/7 but shows 3/6 due to an src bug.",verified,8lpgwllj,2025-03-10T04:19:02Z,"[{'rel': 'user', 'id': 'jn32931x', 'uri': 'https://www.speedrun.com/api/v1/users/jn32931x'}]",2025-03-07,2025-03-08T10:49:19Z,PT6M15.100S,375.1,PT6M15.100S,375.1,,0,,0,w89rwelk,False,o316x197,,9qj7z0oq,5q8e86rq,,,,
2,yd40w9xy,https://www.speedrun.com/sm64/run/yd40w9xy,o1y9wo6q,,xk9gg6d0,[{'uri': 'https://youtu.be/UjJ4J5NGEII'}],,verified,zx7gkrx7,2025-05-25T22:00:06Z,"[{'rel': 'user', 'id': '8wkzer38', 'uri': 'https://www.speedrun.com/api/v1/users/8wkzer38'}]",2025-05-25,2025-05-24T17:41:53Z,PT6M23.140S,383.14,PT6M23.140S,383.14,,0,,0,w89rwelk,False,o316x197,,9qj7z0oq,5q8e86rq,,,,
3,ywjg8w9z,https://www.speedrun.com/sm64/run/ywjg8w9z,o1y9wo6q,,xk9gg6d0,"[{'uri': 'https://youtu.be/rSx2tbpgFbI'}, {'uri': 'https://www.twitch.tv/videos/1296082952'}]","I just realized around 4:45, the vod is stopped for a moment.
I recorded both amarec and OBS, and OBS looks a bit better, but Im ok this record will be rejected.
next I should record through one system...",verified,zx7gkrx7,2022-02-15T06:08:46Z,"[{'rel': 'user', 'id': '7j40gpw8', 'uri': 'https://www.speedrun.com/api/v1/users/7j40gpw8'}]",2022-02-13,2022-02-12T20:34:19Z,PT6M27.380S,387.38,PT6M27.380S,387.38,,0,,0,w89rwelk,False,pr184lqn,,9qj7z0oq,5q8e86rq,https://youtu.be/rSx2tbpgFbI | https://www.twitch.tv/videos/1296082952,,,
4,ydjw8wvy,https://www.speedrun.com/sm64/run/ydjw8wvy,o1y9wo6q,,xk9gg6d0,[{'uri': 'https://www.youtube.com/watch?v=bYU3YvussI0'}],,verified,qxk4wo6j,2023-06-20T14:28:52Z,"[{'rel': 'user', 'id': 'qj2rklpx', 'uri': 'https://www.speedrun.com/api/v1/users/qj2rklpx'}]",2023-06-19,2023-06-19T17:17:00Z,PT6M28.130S,388.13,PT6M28.130S,388.13,,0,,0,w89rwelk,False,o316x197,,9qj7z0oq,5q8e86rq,,,,
5,mr988ogm,https://www.speedrun.com/sm64/run/mr988ogm,o1y9wo6q,,xk9gg6d0,"[{'uri': 'https://www.youtube.com/watch?v=VsVPG0MT9g4&feature=youtu.be'}, {'uri': 'https://www.youtube.com/watch?v=FAJHI1Bte7I&feature=youtu.be'}]",https://www.youtube.com/watch?v=VsVPG0MT9g4&feature=youtu.be,verified,qxk4wo6j,2020-09-19T20:52:56Z,"[{'rel': 'user', 'id': 'kj92gmv8', 'uri': 'https://www.speedrun.com/api/v1/users/kj92gmv8'}]",2020-09-19,2020-09-19T08:25:25Z,PT6M32.150S,392.15,PT6M32.150S,392.15,,0,,0,w89rwelk,False,o316x197,,9qj7z0oq,5q8e86rq,,,,
6,y6qdo8pz,https://www.speedrun.com/sm64/run/y6qdo8pz,o1y9wo6q,,xk9gg6d0,[{'uri': 'https://www.youtube.com/watch?v=CY0S1_-wpCw'}],,verified,pj0zm38w,2023-10-26T02:43:16Z,"[{'rel': 'user', 'id': '8vkrw22j', 'uri': 'https://www.speedrun.com/api/v1/users/8vkrw22j'}]",2023-10-26,2023-10-26T00:53:17Z,PT6M33.100S,393.1,PT6M33.100S,393.1,,0,,0,w89rwelk,False,o316x197,,9qj7z0oq,5q8e86rq,,,,
7,y2jpjn9z,https://www.speedrun.com/sm64/run/y2jpjn9z,o1y9wo6q,,xk9gg6d0,[{'uri': 'https://www.youtube.com/watch?v=rqgH3BxvcOI'}],,verified,qxkm6mj0,2023-02-01T13:55:34Z,"[{'rel': 'user', 'id': '18q652oj', 'uri': 'https://www.speedrun.com/api/v1/users/18q652oj'}]",2023-01-31,2023-02-01T06:47:01Z,PT6M33.250S,393.25,PT6M33.250S,393.25,,0,,0,w89rwelk,False,pr184lqn,,9qj7z0oq,5q8e86rq,,,,
8,m7okp14y,https://www.speedrun.com/sm64/run/m7okp14y,o1y9wo6q,,xk9gg6d0,[{'uri': 'https://www.twitch.tv/videos/2301338987'}],was dropping frames :( lost 12 to amp in fs,verified,8lpgwllj,2024-11-14T06:24:40Z,"[{'rel': 'user', 'id': 'j2www16j', 'uri': 'https://www.speedrun.com/api/v1/users/j2www16j'}]",2024-11-14,2024-11-14T03:17:44Z,PT6M37.060S,397.06,PT6M37.060S,397.06,,0,,0,w89rwelk,False,o316x197,,9qj7z0oq,5q8e86rq,,,,
9,z08rdnom,https://www.speedrun.com/sm64/run/z08rdnom,o1y9wo6q,,xk9gg6d0,[{'uri': 'https://www.twitch.tv/videos/2352301679'}],,verified,8lpgwllj,2025-01-14T05:49:10Z,"[{'rel': 'user', 'id': '86nnlvqx', 'uri': 'https://www.speedrun.com/api/v1/users/86nnlvqx'}]",2025-01-13,2025-01-13T15:54:23Z,PT6M39.730S,399.73,PT6M39.730S,399.73,,0,,0,w89rwelk,False,o316x197,,9qj7z0oq,5q8e86rq,,,,
10,y2221wjy,https://www.speedrun.com/sm64/run/y2221wjy,o1y9wo6q,,xk9gg6d0,[{'uri': 'https://www.youtube.com/watch?v=JSxChmsn6Yk'}],"Finally New PB!!!

3x with TASLJ Soon!!
",verified,8lpgwllj,2024-05-14T23:32:03Z,"[{'rel': 'user', 'id': '18qowewj', 'uri': 'https://www.speedrun.com/api/v1/users/18qowewj'}]",2024-05-13,2024-05-13T14:29:08Z,PT6M40.450S,400.45,PT6M40.450S,400.45,,0,,0,w89rwelk,False,o316x197,,9qj7z0oq,5q8e86rq,,,,
11,zg89j6ey,https://www.speedrun.com/sm64/run/zg89j6ey,o1y9wo6q,,xk9gg6d0,[{'uri': 'https://youtu.be/BY_ug3JBZj0'}],utlimate ddd skip,verified,zx7gkrx7,2025-03-16T01:36:17Z,"[{'rel': 'user', 'id': 'jmolpwo8', 'uri': 'https://www.speedrun.com/api/v1/users/jmolpwo8'}]",2024-01-19,2024-01-19T02:59:26Z,PT6M43.900S,403.9,PT6M43.900S,403.9,,0,,0,w89rwelk,False,o316x197,,9qj7z0oq,5q8e86rq,,,,
12,8yv24rem,https://www.speedrun.com/sm64/run/8yv24rem,o1y9wo6q,,xk9gg6d0,[{'uri': 'http://nico.ms/sm26882407'}],,verified,qxkm6mj0,2015-08-07T21:20:12Z,"[{'rel': 'guest', 'name': '[jp]アキラ (Akira)', 'uri': 'https://www.speedrun.com/api/v1/guests/%5Bjp%5D%E3%82%A2%E3%82%AD%E3%83%A9+%28Akira%29'}]",2015-08-07,2015-08-07T21:20:12Z,PT6M44.230S,404.23,PT6M44.230S,404.23,,0,,0,w89rwelk,False,o316x197,,9qj7z0oq,5q8e86rq,,,,
13,z1v58d7z,https://www.speedrun.com/sm64/run/z1v58d7z,o1y9wo6q,,xk9gg6d0,[{'uri': 'https://www.twitch.tv/videos/2335782010'}],,verified,8lpgwllj,2024-12-25T19:01:37Z,"[{'rel': 'user', 'id': 'kjprmwk8', 'uri': 'https://www.speedrun.com/api/v1/users/kjprmwk8'}]",2024-12-02,2024-12-25T19:01:37Z,PT6M44.600S,404.6,PT6M44.600S,404.6,,0,,0,w89rwelk,False,o316x197,,9qj7z0oq,5q8e86rq,,,,
14,dy4jg0ny,https://www.speedrun.com/sm64/run/dy4jg0ny,o1y9wo6q,,xk9gg6d0,[{'uri': 'https://www.youtube.com/watch?v=F9aK5u87Mnw'}],,verified,48grkp1x,2016-10-25T19:03:39Z,"[{'rel': 'user', 'id': 'o866w58z', 'uri': 'https://www.speedrun.com/api/v1/users/o866w58z'}]",2016-10-26,2016-10-25T19:03:39Z,PT6M44.700S,404.7,PT6M44.700S,404.7,,0,,0,w89rwelk,False,pr184lqn,,9qj7z0oq,5q8e86rq,,,,
15,mrr912dm,https://www.speedrun.com/sm64/run/mrr912dm,o1y9wo6q,,xk9gg6d0,[{'uri': 'https://youtu.be/VEopGpjYNfQ'}],w,verified,qxkm6mj0,2022-08-17T12:16:07Z,"[{'rel': 'user', 'id': '68w4ro4x', 'uri': 'https://www.speedrun.com/api/v1/users/68w4ro4x'}]",2022-08-17,2022-08-17T05:40:11Z,PT6M45.670S,405.67,PT6M45.670S,405.67,,0,,0,w89rwelk,False,pr184lqn,,9qj7z0oq,5q8e86rq,,,,
16,zxxd815z,https://www.speedrun.com/sm64/run/zxxd815z,o1y9wo6q,,xk9gg6d0,[{'uri': 'https://youtu.be/5uRO1Ywg39Y'}],,verified,8lpgwllj,2024-08-03T19:42:58Z,"[{'rel': 'user', 'id': 'xzlelze8', 'uri': 'https://www.speedrun.com/api/v1/users/xzlelze8'}]",2024-08-03,2024-08-03T12:44:00Z,PT6M46.400S,406.4,PT6M46.400S,406.4,,0,,0,w89rwelk,False,pr184lqn,,9qj7z0oq,5q8e86rq,,,,
17,yd1ervvy,https://www.speedrun.com/sm64/run/yd1ervvy,o1y9wo6q,,xk9gg6d0,[{'uri': 'https://www.youtube.com/watch?v=Suj0bTfwf6E'}],,verified,qxkm6mj0,2022-08-28T16:27:31Z,"[{'rel': 'user', 'id': 'qjoolrej', 'uri': 'https://www.speedrun.com/api/v1/users/qjoolrej'}]",2022-08-28,2022-08-28T16:25:19Z,PT6M48.400S,408.4,PT6M48.400S,408.4,,0,,0,w89rwelk,False,o316x197,,9qj7z0oq,5q8e86rq,,,,
18,y8g91rxz,https://www.speedrun.com/sm64/run/y8g91rxz,o1y9wo6q,,xk9gg6d0,[{'uri': 'https://www.youtube.com/watch?v=u20CKdNezMg'}],,verified,zx7gkrx7,2025-05-04T02:07:43Z,"[{'rel': 'user', 'id': 'xkzm1z9x', 'uri': 'https://www.speedrun.com/api/v1/users/xkzm1z9x'}]",2025-05-02,2025-05-02T12:47:01Z,PT6M49.400S,409.4,PT6M49.400S,409.4,,0,,0,w89rwelk,False,o316x197,,9qj7z0oq,5q8e86rq,,,,
19,z0x6goez,https://www.speedrun.com/sm64/run/z0x6goez,o1y9wo6q,,xk9gg6d0,[{'uri': 'https://youtu.be/-tuEZ8bQmX8'}],\( ˆoˆ )/ FINALLY BROKE 7:00 WALL \( ˆoˆ )/,verified,8q3dqn7j,2023-10-22T21:12:51Z,"[{'rel': 'user', 'id': 'qj23lpxk', 'uri': 'https://www.speedrun.com/api/v1/users/qj23lpxk'}]",2023-10-19,2023-10-21T09:38:26Z,PT6M49.570S,409.57,PT6M49.570S,409.57,,0,,0,w89rwelk,False,o316x197,,9qj7z0oq,5q8e86rq,,,,
20,y9ppk02m,https://www.speedrun.com/sm64/run/y9ppk02m,o1y9wo6q,,xk9gg6d0,[{'uri': 'https://youtu.be/FFOtjSCPCEY'}],,verified,8qrv5k0j,2025-03-11T15:49:44Z,"[{'rel': 'user', 'id': '1xy05zjr', 'uri': 'https://www.speedrun.com/api/v1/users/1xy05zjr'}]",2025-03-11,2025-03-11T13:00:35Z,PT6M49.920S,409.92,PT6M49.920S,409.92,,0,,0,w89rwelk,False,o316x197,,9qj7z0oq,5q8e86rq,,,,
21,y48v3wqm,https://www.speedrun.com/sm64/run/y48v3wqm,o1y9wo6q,,xk9gg6d0,"[{'uri': 'https://www.twitch.tv/videos/1421673500'}, {'uri': 'https://www.youtube.com/watch?v=lSl8qNXkrSo'}]",,verified,qxkm6mj0,2022-03-11T14:29:06Z,"[{'rel': 'user', 'id': '0jm36qe8', 'uri': 'https://www.speedrun.com/api/v1/users/0jm36qe8'}]",2022-03-11,2022-03-10T23:43:58Z,PT6M50.170S,410.17,PT6M50.170S,410.17,,0,,0,w89rwelk,False,pr184lqn,,9qj7z0oq,5q8e86rq,,,,
22,m7346jwy,https://www.speedrun.com/sm64/run/m7346jwy,o1y9wo6q,,xk9gg6d0,[{'uri': 'https://youtu.be/VCbQ_dQAREw?si=N8dFqQcMsc7h0SKL'}],,verified,qxk4wo6j,2024-01-29T04:28:55Z,"[{'rel': 'user', 'id': '8r2w1n3x', 'uri': 'https://www.speedrun.com/api/v1/users/8r2w1n3x'}]",2024-01-28,2024-01-28T12:28:07Z,PT6M50.250S,410.25,PT6M50.250S,410.25,,0,,0,w89rwelk,False,o316x197,,9qj7z0oq,5q8e86rq,,,,
23,yjeqq93m,https://www.speedrun.com/sm64/run/yjeqq93m,o1y9wo6q,,xk9gg6d0,[{'uri': 'https://youtu.be/c3eGd203A0Y?si=gJJoPMODh6BskZbJ'}],,verified,8lpgwllj,2025-03-26T10:59:18Z,"[{'rel': 'user', 'id': 'x7z7pey8', 'uri': 'https://www.speedrun.com/api/v1/users/x7z7pey8'}]",2025-03-18,2025-03-18T20:19:40Z,PT6M51.130S,411.13,PT6M51.130S,411.13,,0,,0,w89rwelk,False,o316x197,,9qj7z0oq,5q8e86rq,,,,
24,z5pqggjm,https://www.speedrun.com/sm64/run/z5pqggjm,o1y9wo6q,,xk9gg6d0,[{'uri': 'https://www.youtube.com/watch?v=51ksNHU6BrA'}],,verified,zx7gkrx7,2023-08-31T01:56:10Z,"[{'rel': 'user', 'id': 'j96ww5vj', 'uri': 'https://www.speedrun.com/api/v1/users/j96ww5vj'}]",2023-08-29,2023-08-29T08:36:22Z,PT6M52.050S,412.05,PT6M52.050S,412.05,,0,,0,w89rwelk,False,o316x197,,9qj7z0oq,5q8e86rq,,,,
25,me1vq13y,https://www.speedrun.com/sm64/run/me1vq13y,o1y9wo6q,,xk9gg6d0,[{'uri': 'https://youtu.be/kNj8Ygtqpl8'}],,verified,qxkm6mj0,2022-07-31T22:28:19Z,"[{'rel': 'user', 'id': 'qxk4wo6j', 'uri': 'https://www.speedrun.com/api/v1/users/qxk4wo6j'}]",2022-07-31,2022-07-31T22:11:20Z,PT6M52.310S,412.31,PT6M52.310S,412.31,,0,,0,w89rwelk,False,o316x197,,9qj7z0oq,5q8e86rq,,,,
26,yw2pel3y,https://www.speedrun.com/sm64/run/yw2pel3y,o1y9wo6q,,xk9gg6d0,[{'uri': 'https://www.youtube.com/watch?v=KuznB4FF15c'}],,verified,8lpgwllj,2025-05-06T00:09:51Z,"[{'rel': 'user', 'id': '864vnd5j', 'uri': 'https://www.speedrun.com/api/v1/users/864vnd5j'}]",2025-05-01,2025-05-01T19:31:36Z,PT6M52.640S,412.64,PT6M52.640S,412.64,,0,,0,w89rwelk,False,o316x197,,9qj7z0oq,5q8e86rq,,,,
27,yv8nvvom,https://www.speedrun.com/sm64/run/yv8nvvom,o1y9wo6q,,xk9gg6d0,"[{'uri': 'https://www.youtube.com/watch?v=9P4Xh2S0Mbc'}, {'uri': 'https://www.twitch.tv/videos/1764414962'}]","https://www.youtube.com/watch?v=9P4Xh2S0Mbc

mod note: retimed to 6:53.05 due to error in local recording (in a 30fps vid every frame should increase by 0.033, but at 50.633s it jumps to 50.683s/an increase of 0.05s for whatever reason, this doesn't happen again during the video so from that point on every frame is either .017, .050, .083, .117 etc.)",verified,qxkm6mj0,2023-03-14T12:23:49Z,"[{'rel': 'user', 'id': 'j4rpn7d8', 'uri': 'https://www.speedrun.com/api/v1/users/j4rpn7d8'}]",2023-03-13,2023-03-13T22:57:47Z,PT6M53.050S,413.05,PT6M53.050S,413.05,,0,,0,w89rwelk,False,o316x197,,9qj7z0oq,5q8e86rq,,,,
28,m70do89y,https://www.speedrun.com/sm64/run/m70do89y,o1y9wo6q,,xk9gg6d0,[{'uri': 'https://www.youtube.com/watch?v=s2obYyqO2EA'}],mod note: retimed to 6:53,verified,zx7gkrx7,2023-06-12T00:45:41Z,"[{'rel': 'user', 'id': '8vo90m5x', 'uri': 'https://www.speedrun.com/api/v1/users/8vo90m5x'}]",2023-06-12,2023-06-11T23:16:22Z,PT6M53.830S,413.83,PT6M53.830S,413.83,,0,,0,w89rwelk,False,o316x197,,9qj7z0oq,5q8e86rq,,,,
29,z5e9wp5z,https://www.speedrun.com/sm64/run/z5e9wp5z,o1y9wo6q,,xk9gg6d0,[{'uri': 'https://www.youtube.com/watch?v=xTMIEQYDsYU'}],5/5 shoutouts lets goooooooo,verified,86vm37pj,2023-04-21T19:01:33Z,"[{'rel': 'user', 'id': '8wlk4n4j', 'uri': 'https://www.speedrun.com/api/v1/users/8wlk4n4j'}]",2023-04-21,2023-04-21T18:41:58Z,PT6M55.560S,415.56,PT6M55.560S,415.56,,0,,0,w89rwelk,False,o316x197,,9qj7z0oq,5q8e86rq,,,,
30,z5lgr4dy,https://www.speedrun.com/sm64/run/z5lgr4dy,o1y9wo6q,,xk9gg6d0,[{'uri': 'https://www.twitch.tv/videos/2396796393'}],,verified,8q316z7j,2025-03-05T05:23:52Z,"[{'rel': 'user', 'id': '81kddqpj', 'uri': 'https://www.speedrun.com/api/v1/users/81kddqpj'}]",2025-03-04,2025-03-04T10:10:57Z,PT6M55.760S,415.76,PT6M55.760S,415.76,,0,,0,w89rwelk,False,o316x197,,9qj7z0oq,5q8e86rq,,,,
31,0y6j56jm,https://www.speedrun.com/sm64/run/0y6j56jm,o1y9wo6q,,xk9gg6d0,[{'uri': 'https://www.youtube.com/watch?v=5uMclD0IYUQ'}],,verified,48grkp1x,2016-11-14T01:13:01Z,"[{'rel': 'user', 'id': 'qxkovg98', 'uri': 'https://www.speedrun.com/api/v1/users/qxkovg98'}]",2016-11-14,2016-11-14T01:13:01Z,PT6M55.980S,415.98,PT6M55.980S,415.98,,0,,0,w89rwelk,False,o316x197,,9qj7z0oq,5q8e86rq,,,,
32,y9vkxnvm,https://www.speedrun.com/sm64/run/y9vkxnvm,o1y9wo6q,,xk9gg6d0,[{'uri': 'https://www.twitch.tv/videos/1508478388'}],Shoutouts to all the thomkar enjoyers out there <3,verified,qxkm6mj0,2022-06-19T21:10:34Z,"[{'rel': 'user', 'id': '7j4mzd5j', 'uri': 'https://www.speedrun.com/api/v1/users/7j4mzd5j'}]",2022-06-19,2022-06-19T19:53:51Z,PT6M57.110S,417.11,PT6M57.110S,417.11,,0,,0,w89rwelk,False,o316x197,,9qj7z0oq,5q8e86rq,,,,
33,z0qdvnjm,https://www.speedrun.com/sm64/run/z0qdvnjm,o1y9wo6q,,xk9gg6d0,[{'uri': 'https://youtu.be/hLotgzQ-L9w'}],gracias marlene,verified,8lpgwllj,2024-10-05T00:11:05Z,"[{'rel': 'user', 'id': '81q1oq5j', 'uri': 'https://www.speedrun.com/api/v1/users/81q1oq5j'}]",2024-10-03,2024-10-03T16:46:32Z,PT6M58.660S,418.66,PT6M58.660S,418.66,,0,,0,w89rwelk,False,pr184lqn,,9qj7z0oq,5q8e86rq,,,,
34,yj9pe5oz,https://www.speedrun.com/sm64/run/yj9pe5oz,o1y9wo6q,,xk9gg6d0,[{'uri': 'https://www.twitch.tv/videos/2239402969'}],,verified,8lpgwllj,2024-09-03T05:10:21Z,"[{'rel': 'user', 'id': 'xylw0wmj', 'uri': 'https://www.speedrun.com/api/v1/users/xylw0wmj'}]",2024-08-31,2024-09-01T01:31:24Z,PT6M58.760S,418.76,PT6M58.760S,418.76,,0,,0,w89rwelk,False,pr184lqn,,9qj7z0oq,5q8e86rq,,,,
35,y8dj04xz,https://www.speedrun.com/sm64/run/y8dj04xz,o1y9wo6q,,xk9gg6d0,[{'uri': 'https://youtu.be/_bwkZwG16x0'}],,verified,zx7gkrx7,2021-05-25T22:39:23Z,"[{'rel': 'user', 'id': 'qjned9qj', 'uri': 'https://www.speedrun.com/api/v1/users/qjned9qj'}]",2021-05-22,2021-05-22T04:46:11Z,PT6M59.050S,419.05,PT6M59.050S,419.05,,0,,0,w89rwelk,False,o316x197,,9qj7z0oq,5q8e86rq,,,,
36,yjdj0g3y,https://www.speedrun.com/sm64/run/yjdj0g3y,o1y9wo6q,,xk9gg6d0,[{'uri': 'https://www.youtube.com/watch?v=QXUtKeRJqmI'}],,verified,qxkm6mj0,2022-07-31T21:44:51Z,"[{'rel': 'user', 'id': 'j2ylqn68', 'uri': 'https://www.speedrun.com/api/v1/users/j2ylqn68'}]",2022-07-31,2022-07-31T21:44:30Z,PT6M59.080S,419.08,PT6M59.080S,419.08,,0,,0,w89rwelk,False,o316x197,,9qj7z0oq,5q8e86rq,,,,
37,mroenx2m,https://www.speedrun.com/sm64/run/mroenx2m,o1y9wo6q,,xk9gg6d0,[{'uri': 'https://www.youtube.com/watch?v=dMFfopnpULQ'}],"I'm very happy


crazy ddd skip, I literally looked away because I was positive it wouldn't work

mod note: accepting as 'verified: yes', but just a warning that future submissions would likely be set to 'verified: no' if the drop at 0:44 happened multiple times during the run/occurred for slightly longer",verified,qxkm6mj0,2022-12-20T16:05:42Z,"[{'rel': 'user', 'id': 'zxzn3w9x', 'uri': 'https://www.speedrun.com/api/v1/users/zxzn3w9x'}]",2022-12-19,2022-12-20T01:18:39Z,PT6M59.160S,419.16,PT6M59.160S,419.16,,0,,0,w89rwelk,False,o316x197,,9qj7z0oq,5q8e86rq,,,,
38,yvv2386y,https://www.speedrun.com/sm64/run/yvv2386y,o1y9wo6q,,xk9gg6d0,[{'uri': 'https://www.youtube.com/watch?v=-pdB_sxDcGI'}],,verified,qxkm6mj0,2023-10-16T11:47:05Z,"[{'rel': 'user', 'id': '8w139m3x', 'uri': 'https://www.speedrun.com/api/v1/users/8w139m3x'}]",2023-10-15,2023-10-15T06:24:41Z,PT6M59.680S,419.68,PT6M59.680S,419.68,,0,,0,w89rwelk,False,o316x197,,9qj7z0oq,5q8e86rq,,,,
39,z5xlg2ny,https://www.speedrun.com/sm64/run/z5xlg2ny,o1y9wo6q,,xk9gg6d0,[{'uri': 'https://youtu.be/8QBJc_ruWt0'}],,verified,qxkm6mj0,2022-10-16T00:21:10Z,"[{'rel': 'user', 'id': '18q6977j', 'uri': 'https://www.speedrun.com/api/v1/users/18q6977j'}]",2022-10-15,2022-10-15T18:53:52Z,PT7M,420.0,PT7M,420.0,,0,,0,w89rwelk,False,o316x197,,9qj7z0oq,5q8e86rq,,,,
40,yoq7gq5z,https://www.speedrun.com/sm64/run/yoq7gq5z,o1y9wo6q,,xk9gg6d0,[{'uri': 'https://www.twitch.tv/videos/2353859809'}],,verified,8lpgwllj,2025-01-19T23:02:40Z,"[{'rel': 'user', 'id': 'xk3nmqk8', 'uri': 'https://www.speedrun.com/api/v1/users/xk3nmqk8'}]",2025-01-12,2025-01-15T09:12:21Z,PT7M3S,423.0,PT7M3S,423.0,,0,,0,w89rwelk,False,o316x197,,9qj7z0oq,5q8e86rq,,,,
41,m7pknkem,https://www.speedrun.com/sm64/run/m7pknkem,o1y9wo6q,,xk9gg6d0,[{'uri': 'https://youtu.be/hBhkIKHAh0M'}],,verified,zx7gkrx7,2019-04-28T16:41:02Z,"[{'rel': 'user', 'id': 'zxzpz50j', 'uri': 'https://www.speedrun.com/api/v1/users/zxzpz50j'}]",2019-04-26,2019-04-26T11:46:52Z,PT7M4S,424.0,PT7M4S,424.0,,0,,0,w89rwelk,False,o316x197,,9qj7z0oq,5q8e86rq,,,,
42,megkrxqy,https://www.speedrun.com/sm64/run/megkrxqy,o1y9wo6q,,xk9gg6d0,[{'uri': 'https://youtu.be/2gvmABOw-LU'}],"Good ult skip, but missed 0-cycle FS. I'll gun for sub 7 someday.",verified,8lpgwllj,2024-07-16T22:42:26Z,"[{'rel': 'user', 'id': '8v57kgvj', 'uri': 'https://www.speedrun.com/api/v1/users/8v57kgvj'}]",2024-07-16,2024-07-16T12:01:12Z,PT7M7S,427.0,PT7M7S,427.0,,0,,0,w89rwelk,False,o316x197,,9qj7z0oq,5q8e86rq,,,,
43,yvx40w4z,https://www.speedrun.com/sm64/run/yvx40w4z,o1y9wo6q,,xk9gg6d0,[{'uri': 'https://www.youtube.com/watch?v=jvf5uKknMrI'}],,verified,8lpgwllj,2024-07-08T23:09:25Z,"[{'rel': 'user', 'id': 'v816eo5x', 'uri': 'https://www.speedrun.com/api/v1/users/v816eo5x'}]",2024-07-08,2024-07-08T16:24:44Z,PT7M8S,428.0,PT7M8S,428.0,,0,,0,w89rwelk,False,o316x197,,9qj7z0oq,5q8e86rq,,,,
43,m7e4r3wz,https://www.speedrun.com/sm64/run/m7e4r3wz,o1y9wo6q,,xk9gg6d0,[{'uri': 'https://www.youtube.com/watch?v=ujlc7p5sLCA'}],,verified,j4232gmx,2025-04-08T17:41:53Z,"[{'rel': 'user', 'id': '8q3g5goj', 'uri': 'https://www.speedrun.com/api/v1/users/8q3g5goj'}]",2025-04-06,2025-04-06T21:30:59Z,PT7M8S,428.0,PT7M8S,428.0,,0,,0,w89rwelk,False,o316x197,,9qj7z0oq,5q8e86rq,,,,
45,z0xgo8jz,https://www.speedrun.com/sm64/run/z0xgo8jz,o1y9wo6q,,xk9gg6d0,[{'uri': 'https://www.twitch.tv/videos/2051456791'}],"called it, fluke run out of a bad 16 star attempt. 7:09 I hope

mod note: changed game region from 'None' to 'JPN / NTSC'",verified,j4232gmx,2024-02-04T05:18:51Z,"[{'rel': 'user', 'id': 'j5wo65gj', 'uri': 'https://www.speedrun.com/api/v1/users/j5wo65gj'}]",2024-02-03,2024-02-03T00:55:40Z,PT7M9S,429.0,PT7M9S,429.0,,0,,0,w89rwelk,False,o316x197,,9qj7z0oq,5q8e86rq,,,,
46,z5d68e5m,https://www.speedrun.com/sm64/run/z5d68e5m,o1y9wo6q,,xk9gg6d0,[{'uri': 'https://www.youtube.com/watch?v=AXdeQ0CYWN4'}],mod note: 24fps,verified,qxkm6mj0,2021-11-04T18:55:34Z,"[{'rel': 'user', 'id': 'e8evzg7x', 'uri': 'https://www.speedrun.com/api/v1/users/e8evzg7x'}]",2021-11-04,2021-11-04T18:55:34Z,PT7M10S,430.0,PT7M10S,430.0,,0,,0,w89rwelk,False,o316x197,,9qj7z0oq,4qyxop3l,,,,
46,ylxo37ry,https://www.speedrun.com/sm64/run/ylxo37ry,o1y9wo6q,,xk9gg6d0,[{'uri': 'https://www.youtube.com/watch?v=A3DmVdAT1JA'}],,verified,8vkn1mnj,2024-08-08T10:35:41Z,"[{'rel': 'user', 'id': '8lpgwllj', 'uri': 'https://www.speedrun.com/api/v1/users/8lpgwllj'}]",2024-08-06,2024-08-06T04:45:48Z,PT7M10S,430.0,PT7M10S,430.0,,0,,0,w89rwelk,False,o316x197,,9qj7z0oq,5q8e86rq,,,,
48,y9x74r2y,https://www.speedrun.com/sm64/run/y9x74r2y,o1y9wo6q,,xk9gg6d0,[{'uri': 'https://www.twitch.tv/videos/1552609275'}],"bad dw and bits decent everything else maybe sub 7 soon

mod note: set to 'verified: no' due to no longer available video",verified,qxkm6mj0,2022-08-05T12:11:38Z,"[{'rel': 'user', 'id': '8rpp0egj', 'uri': 'https://www.speedrun.com/api/v1/users/8rpp0egj'}]",2022-08-04,2022-08-05T00:55:36Z,PT7M14S,434.0,PT7M14S,434.0,,0,,0,w89rwelk,False,o316x197,,9qj7z0oq,4qyxop3l,,,,
48,yj9lll7z,https://www.speedrun.com/sm64/run/yj9lll7z,o1y9wo6q,,xk9gg6d0,[{'uri': 'https://www.twitch.tv/videos/2208793843'}],,verified,98rp5mwj,2024-07-28T19:03:25Z,"[{'rel': 'user', 'id': 'x7qqopy8', 'uri': 'https://www.speedrun.com/api/v1/users/x7qqopy8'}]",2024-07-27,2024-07-27T16:08:05Z,PT7M14S,434.0,PT7M14S,434.0,,0,,0,w89rwelk,False,o316x197,,9qj7z0oq,5q8e86rq,,,,
50,z1p7x9jz,https://www.speedrun.com/sm64/run/z1p7x9jz,o1y9wo6q,,xk9gg6d0,"[{'uri': 'https://www.twitch.tv/videos/1527091770'}, {'uri': 'https://www.youtube.com/watch?v=sr-8-yDC9tI'}]",https://www.twitch.tv/videos/1527091770,verified,qxkm6mj0,2022-07-10T21:38:09Z,"[{'rel': 'user', 'id': 'kjpqrr4x', 'uri': 'https://www.speedrun.com/api/v1/users/kjpqrr4x'}]",2022-07-09,2022-07-10T21:37:48Z,PT7M15S,435.0,PT7M15S,435.0,,0,,0,w89rwelk,False,o316x197,,9qj7z0oq,5q8e86rq,,,,
51,yww9qq3y,https://www.speedrun.com/sm64/run/yww9qq3y,o1y9wo6q,,xk9gg6d0,[{'uri': 'https://www.youtube.com/watch?v=hlcBp0RQLLU'}],,verified,j4232gmx,2025-04-09T12:57:45Z,"[{'rel': 'user', 'id': 'qxkm6mj0', 'uri': 'https://www.speedrun.com/api/v1/users/qxkm6mj0'}]",2025-04-08,2025-04-08T22:21:35Z,PT7M18S,438.0,PT7M18S,438.0,,0,,0,w89rwelk,False,pr184lqn,,9qj7z0oq,5q8e86rq,,,,
52,ylp7w3km,https://www.speedrun.com/sm64/run/ylp7w3km,o1y9wo6q,,xk9gg6d0,[{'uri': 'https://www.youtube.com/watch?v=JjOBVJ6mLeo'}],,verified,j2w1w5lj,2025-02-01T20:19:00Z,"[{'rel': 'user', 'id': '8lr0m1v8', 'uri': 'https://www.speedrun.com/api/v1/users/8lr0m1v8'}]",2023-06-30,2025-02-01T15:03:36Z,PT7M19S,439.0,PT7M19S,439.0,,0,,0,w89rwelk,False,o316x197,,9qj7z0oq,5q8e86rq,,,,
53,ywnvl3ny,https://www.speedrun.com/sm64/run/ywnvl3ny,o1y9wo6q,,xk9gg6d0,[{'uri': 'https://www.twitch.tv/videos/1996208435'}],all because of retrotorpedos huge dick!,verified,qxkm6mj0,2023-12-06T00:11:21Z,"[{'rel': 'user', 'id': 'pj0l653j', 'uri': 'https://www.speedrun.com/api/v1/users/pj0l653j'}]",2023-12-05,2023-12-05T22:23:00Z,PT7M20S,440.0,PT7M20S,440.0,,0,,0,w89rwelk,False,o316x197,,9qj7z0oq,5q8e86rq,,,,
53,zgox3rvm,https://www.speedrun.com/sm64/run/zgox3rvm,o1y9wo6q,,xk9gg6d0,[{'uri': 'https://www.twitch.tv/videos/2217048743'}],,verified,8lpgwllj,2024-08-07T23:57:33Z,"[{'rel': 'user', 'id': '8d4ywn58', 'uri': 'https://www.speedrun.com/api/v1/users/8d4ywn58'}]",2024-08-05,2024-08-06T04:14:52Z,PT7M20S,440.0,PT7M20S,440.0,,0,,0,w89rwelk,False,o316x197,,9qj7z0oq,5q8e86rq,,,,
53,men72e2m,https://www.speedrun.com/sm64/run/men72e2m,o1y9wo6q,,xk9gg6d0,[{'uri': 'https://youtu.be/tbdSfK7GIVQ'}],,verified,8qrv5k0j,2025-01-14T17:49:14Z,"[{'rel': 'user', 'id': '8lrkpl78', 'uri': 'https://www.speedrun.com/api/v1/users/8lrkpl78'}]",2025-01-14,2025-01-14T13:08:00Z,PT7M20S,440.0,PT7M20S,440.0,,0,,0,w89rwelk,False,o316x197,,9qj7z0oq,5q8e86rq,,,,
56,oy2n26yd,https://www.speedrun.com/sm64/run/oy2n26yd,o1y9wo6q,,xk9gg6d0,[{'uri': 'http://www.nicovideo.jp/watch/sm17306554'}],,verified,qxkm6mj0,,"[{'rel': 'guest', 'name': '[jp]もっこり (Mokkori)', 'uri': 'https://www.speedrun.com/api/v1/guests/%5Bjp%5D%E3%82%82%E3%81%A3%E3%81%93%E3%82%8A+%28Mokkori%29'}]",2012-03-20,,PT7M21S,441.0,PT7M21S,441.0,,0,,0,w89rwelk,False,o316x197,,9qj7z0oq,5q8e86rq,,,,
56,7z08d4m5,https://www.speedrun.com/sm64/run/7z08d4m5,o1y9wo6q,,xk9gg6d0,[{'uri': 'http://www.nicovideo.jp/watch/sm19465404'}],,verified,qxkm6mj0,,"[{'rel': 'user', 'id': '18qnw78n', 'uri': 'https://www.speedrun.com/api/v1/users/18qnw78n'}]",2012-11-29,,PT7M21S,441.0,PT7M21S,441.0,,0,,0,w89rwelk,False,pr184lqn,,9qj7z0oq,5q8e86rq,,,,
58,wzp7ll8z,https://www.speedrun.com/sm64/run/wzp7ll8z,o1y9wo6q,,xk9gg6d0,[{'uri': 'https://www.youtube.com/watch?v=0HyXIc0xPyc'}],,verified,48grkp1x,2017-03-13T21:24:34Z,"[{'rel': 'guest', 'name': '[jp]ZEOKU', 'uri': 'https://www.speedrun.com/api/v1/guests/%5Bjp%5DZEOKU'}]",2017-03-13,2017-03-13T21:24:34Z,PT7M23S,443.0,PT7M23S,443.0,,0,,0,w89rwelk,False,o316x197,,9qj7z0oq,5q8e86rq,,,,
58,yvo5ro8z,https://www.speedrun.com/sm64/run/yvo5ro8z,o1y9wo6q,,xk9gg6d0,[{'uri': 'https://www.youtube.com/watch?v=mnPFtUioMRM&t=486s'}],mod note: please record in 30/60fps if possible (video is 24fps) / 可能であれば30/60fpsで記録してください（ビデオは24fpsです）,verified,qxkm6mj0,2021-11-04T17:40:17Z,"[{'rel': 'user', 'id': '86vq7g3j', 'uri': 'https://www.speedrun.com/api/v1/users/86vq7g3j'}]",2021-11-01,2021-11-03T12:51:19Z,PT7M23S,443.0,PT7M23S,443.0,,0,,0,w89rwelk,False,o316x197,,9qj7z0oq,4qyxop3l,,,,
60,0y6gv1m7,https://www.speedrun.com/sm64/run/0y6gv1m7,o1y9wo6q,,xk9gg6d0,[{'uri': 'https://www.youtube.com/watch?v=UTBkIEA_Rfk'}],,verified,qxkm6mj0,,"[{'rel': 'guest', 'name': '[jp]はちみつ (Honey)', 'uri': 'https://www.speedrun.com/api/v1/guests/%5Bjp%5D%E3%81%AF%E3%81%A1%E3%81%BF%E3%81%A4+%28Honey%29'}]",2012-11-30,,PT7M25S,445.0,PT7M25S,445.0,,0,,0,w89rwelk,False,o316x197,,9qj7z0oq,5q8e86rq,,,,
61,znp54l3m,https://www.speedrun.com/sm64/run/znp54l3m,o1y9wo6q,,xk9gg6d0,[{'uri': 'https://youtu.be/xeCbx4Ss1d8'}],,verified,qxkm6mj0,2022-07-09T21:44:15Z,"[{'rel': 'user', 'id': '7j4epgvx', 'uri': 'https://www.speedrun.com/api/v1/users/7j4epgvx'}]",2022-07-10,2022-07-09T21:27:32Z,PT7M27S,447.0,PT7M27S,447.0,,0,,0,w89rwelk,False,o316x197,,9qj7z0oq,5q8e86rq,,,,
62,y9lg7pky,https://www.speedrun.com/sm64/run/y9lg7pky,o1y9wo6q,,xk9gg6d0,[{'uri': 'https://youtu.be/klMp2hh8IXg'}],mario day pb!,verified,zx7gkrx7,2022-03-11T06:40:31Z,"[{'rel': 'user', 'id': 'zxzzzrxq', 'uri': 'https://www.speedrun.com/api/v1/users/zxzzzrxq'}]",2022-03-10,2022-03-10T21:53:19Z,PT7M28S,448.0,PT7M28S,448.0,,0,,0,w89rwelk,False,pr184lqn,,9qj7z0oq,5q8e86rq,,splits.io,https://splits.io/api/v3/runs/940s,
63,zxxv26kz,https://www.speedrun.com/sm64/run/zxxv26kz,o1y9wo6q,,xk9gg6d0,[{'uri': 'https://www.twitch.tv/videos/2195539929'}],pretty good,verified,8lpgwllj,2024-07-12T22:26:32Z,"[{'rel': 'user', 'id': '8r7412qj', 'uri': 'https://www.speedrun.com/api/v1/users/8r7412qj'}]",2024-07-12,2024-07-12T06:09:38Z,PT7M30S,450.0,PT7M30S,450.0,,0,,0,w89rwelk,False,o316x197,,9qj7z0oq,5q8e86rq,,,,
64,yox3k6jy,https://www.speedrun.com/sm64/run/yox3k6jy,o1y9wo6q,,xk9gg6d0,[{'uri': 'https://www.youtube.com/watch?v=hEm36SdfaA0'}],,verified,98rp5mwj,2024-08-01T18:20:53Z,"[{'rel': 'user', 'id': 'x77dy6qx', 'uri': 'https://www.speedrun.com/api/v1/users/x77dy6qx'}]",2024-08-01,2024-08-01T17:39:29Z,PT7M31S,451.0,PT7M31S,451.0,,0,,0,w89rwelk,False,o316x197,,9qj7z0oq,5q8e86rq,,,,
65,y8008d5m,https://www.speedrun.com/sm64/run/y8008d5m,o1y9wo6q,,xk9gg6d0,[{'uri': 'https://youtu.be/wK9EFpTVoVQ'}],proper splits this time,verified,j4232gmx,2023-02-12T15:57:42Z,"[{'rel': 'user', 'id': 'j425r0wx', 'uri': 'https://www.speedrun.com/api/v1/users/j425r0wx'}]",2023-02-11,2023-02-11T22:20:36Z,PT7M32S,452.0,PT7M32S,452.0,,0,,0,w89rwelk,False,o316x197,,9qj7z0oq,5q8e86rq,,,,
66,z1k3ongy,https://www.speedrun.com/sm64/run/z1k3ongy,o1y9wo6q,,xk9gg6d0,[{'uri': 'https://www.twitch.tv/videos/1924146672'}],ok,verified,qxkm6mj0,2023-09-13T12:28:39Z,"[{'rel': 'user', 'id': 'qjomp63x', 'uri': 'https://www.speedrun.com/api/v1/users/qjomp63x'}]",2023-09-13,2023-09-13T02:59:02Z,PT7M33S,453.0,PT7M33S,453.0,,0,,0,w89rwelk,False,o316x197,,9qj7z0oq,5q8e86rq,,,,
67,mk841ovm,https://www.speedrun.com/sm64/run/mk841ovm,o1y9wo6q,,xk9gg6d0,[{'uri': 'https://www.twitch.tv/videos/742549492'}],lol im bad,verified,1xyky4n8,2020-09-16T22:27:21Z,"[{'rel': 'user', 'id': 'qjoq7yl8', 'uri': 'https://www.speedrun.com/api/v1/users/qjoq7yl8'}]",2020-09-15,2020-09-16T05:59:20Z,PT7M34S,454.0,PT7M34S,454.0,,0,,0,w89rwelk,False,o316x197,,9qj7z0oq,5q8e86rq,,,,
68,y69ngnjy,https://www.speedrun.com/sm64/run/y69ngnjy,o1y9wo6q,,xk9gg6d0,[{'uri': 'https://youtu.be/B8ZgnWxaNeg'}],7:35.89,verified,qxkm6mj0,2021-09-08T02:19:56Z,"[{'rel': 'user', 'id': '98re9d6x', 'uri': 'https://www.speedrun.com/api/v1/users/98re9d6x'}]",2021-09-07,2021-09-08T01:52:19Z,PT7M35S,455.0,PT7M35S,455.0,,0,,0,w89rwelk,False,pr184lqn,,9qj7z0oq,5q8e86rq,,,,
68,zgelp3ny,https://www.speedrun.com/sm64/run/zgelp3ny,o1y9wo6q,,xk9gg6d0,[{'uri': 'https://www.twitch.tv/videos/1877981728'}],mod note: verified: no due to external capture,verified,zx7gkrx7,2023-07-22T03:12:07Z,"[{'rel': 'user', 'id': 'j4rg3z58', 'uri': 'https://www.speedrun.com/api/v1/users/j4rg3z58'}]",2023-07-21,2023-07-21T19:16:06Z,PT7M35S,455.0,PT7M35S,455.0,,0,,0,w89rwelk,False,o316x197,,9qj7z0oq,4qyxop3l,,,,
70,zpgpodrz,https://www.speedrun.com/sm64/run/zpgpodrz,o1y9wo6q,,xk9gg6d0,[{'uri': 'https://youtu.be/fuf2O53VuMU'}],,verified,qxkm6mj0,2023-02-25T14:43:50Z,"[{'rel': 'user', 'id': 'j4232gmx', 'uri': 'https://www.speedrun.com/api/v1/users/j4232gmx'}]",2023-02-25,2023-02-25T06:05:29Z,PT7M36S,456.0,PT7M36S,456.0,,0,,0,w89rwelk,False,o316x197,,9qj7z0oq,5q8e86rq,,,,
70,ywx8972m,https://www.speedrun.com/sm64/run/ywx8972m,o1y9wo6q,,xk9gg6d0,[{'uri': 'https://youtu.be/PEAFXDHsI6k'}],Team Chillers B),verified,8lpgwllj,2024-08-01T23:24:50Z,"[{'rel': 'user', 'id': 'pj0rd9mj', 'uri': 'https://www.speedrun.com/api/v1/users/pj0rd9mj'}]",2024-07-31,2024-07-31T11:10:55Z,PT7M36S,456.0,PT7M36S,456.0,,0,,0,w89rwelk,False,o316x197,,9qj7z0oq,5q8e86rq,,,,
72,z0j73pey,https://www.speedrun.com/sm64/run/z0j73pey,o1y9wo6q,,xk9gg6d0,[{'uri': 'https://www.youtube.com/watch?v=I6TUqaORg18'}],,verified,qxkm6mj0,2023-06-14T13:54:32Z,"[{'rel': 'user', 'id': '8vkn1mnj', 'uri': 'https://www.speedrun.com/api/v1/users/8vkn1mnj'}]",2023-06-14,2023-06-14T12:52:22Z,PT7M37S,457.0,PT7M37S,457.0,,0,,0,w89rwelk,False,o316x197,,9qj7z0oq,5q8e86rq,,,,
72,y4o6nknz,https://www.speedrun.com/sm64/run/y4o6nknz,o1y9wo6q,,xk9gg6d0,[{'uri': 'https://www.youtube.com/watch?v=VQW329vMExw'}],"Nice run!

(retime 07:37.089)",verified,qxk4wo6j,2023-07-24T14:45:23Z,"[{'rel': 'user', 'id': 'zxz1vorj', 'uri': 'https://www.speedrun.com/api/v1/users/zxz1vorj'}]",2023-07-23,2023-07-23T12:33:39Z,PT7M37S,457.0,PT7M37S,457.0,,0,,0,w89rwelk,False,o316x197,,9qj7z0oq,5q8e86rq,,,,
74,zxwn768m,https://www.speedrun.com/sm64/run/zxwn768m,o1y9wo6q,,xk9gg6d0,[{'uri': 'https://www.twitch.tv/videos/1991933105'}],Bro AINTNOWAY,verified,qxkm6mj0,2023-12-01T14:27:25Z,"[{'rel': 'user', 'id': 'v8lgdovj', 'uri': 'https://www.speedrun.com/api/v1/users/v8lgdovj'}]",2023-12-01,2023-12-01T07:34:54Z,PT7M41S,461.0,PT7M41S,461.0,,0,,0,w89rwelk,False,o316x197,,9qj7z0oq,5q8e86rq,,,,
74,yj9grj3z,https://www.speedrun.com/sm64/run/yj9grj3z,o1y9wo6q,,xk9gg6d0,[{'uri': 'https://youtu.be/5CqXSwCn3dM'}],,verified,zx7gkrx7,2024-08-16T22:33:41Z,"[{'rel': 'user', 'id': '81qn9n5j', 'uri': 'https://www.speedrun.com/api/v1/users/81qn9n5j'}]",2024-08-16,2024-08-16T00:45:07Z,PT7M41S,461.0,PT7M41S,461.0,,0,,0,w89rwelk,False,pr184lqn,,9qj7z0oq,5q8e86rq,,,,
76,mke03vlm,https://www.speedrun.com/sm64/run/mke03vlm,o1y9wo6q,,xk9gg6d0,[{'uri': 'https://www.youtube.com/watch?v=g6OQ1sw7SnA'}],,verified,qxkm6mj0,2022-02-02T14:16:19Z,"[{'rel': 'user', 'id': '48g23pyj', 'uri': 'https://www.speedrun.com/api/v1/users/48g23pyj'}]",2019-12-09,2022-02-02T14:15:51Z,PT7M43S,463.0,PT7M43S,463.0,,0,,0,w89rwelk,False,o316x197,,9qj7z0oq,5q8e86rq,,,,
77,mel7q93z,https://www.speedrun.com/sm64/run/mel7q93z,o1y9wo6q,,xk9gg6d0,[{'uri': 'https://www.youtube.com/watch?v=dm5w_31Qp_8'}],,verified,qxkm6mj0,2023-06-13T14:38:00Z,"[{'rel': 'user', 'id': 'j40y2pv8', 'uri': 'https://www.speedrun.com/api/v1/users/j40y2pv8'}]",2023-06-13,2023-06-13T10:45:58Z,PT7M44S,464.0,PT7M44S,464.0,,0,,0,w89rwelk,False,o316x197,,9qj7z0oq,5q8e86rq,,,,
77,z5lrgony,https://www.speedrun.com/sm64/run/z5lrgony,o1y9wo6q,,xk9gg6d0,[{'uri': 'https://www.twitch.tv/videos/2349310467'}],,verified,8lpgwllj,2025-01-14T05:50:18Z,"[{'rel': 'user', 'id': 'xz2z23ex', 'uri': 'https://www.speedrun.com/api/v1/users/xz2z23ex'}]",2025-01-06,2025-01-13T19:09:31Z,PT7M44S,464.0,PT7M44S,464.0,,0,,0,w89rwelk,False,o316x197,,9qj7z0oq,5q8e86rq,,,,
79,y98nxl2z,https://www.speedrun.com/sm64/run/y98nxl2z,o1y9wo6q,,xk9gg6d0,[{'uri': 'https://youtu.be/SL3thyFqQAo'}],,verified,j03z503j,2023-06-06T01:49:14Z,"[{'rel': 'user', 'id': 'j2636gox', 'uri': 'https://www.speedrun.com/api/v1/users/j2636gox'}]",2023-06-04,2023-06-04T19:22:20Z,PT7M45S,465.0,PT7M45S,465.0,,0,,0,w89rwelk,False,pr184lqn,,9qj7z0oq,5q8e86rq,,,,
80,zq0rrw8y,https://www.speedrun.com/sm64/run/zq0rrw8y,o1y9wo6q,,xk9gg6d0,[{'uri': 'https://youtu.be/FhrtE28K1X8'}],,verified,qxkm6mj0,2021-12-18T19:13:57Z,"[{'rel': 'user', 'id': '8qrgozwj', 'uri': 'https://www.speedrun.com/api/v1/users/8qrgozwj'}]",2021-12-18,2021-12-18T16:38:25Z,PT7M46S,466.0,PT7M46S,466.0,,0,,0,w89rwelk,False,o316x197,,9qj7z0oq,5q8e86rq,,,,
81,me280x9m,https://www.speedrun.com/sm64/run/me280x9m,o1y9wo6q,,xk9gg6d0,[{'uri': 'https://www.youtube.com/watch?v=LfINOaSHFJQ'}],,verified,8e6k1loj,2025-05-05T16:06:53Z,"[{'rel': 'user', 'id': 'xk41ok7j', 'uri': 'https://www.speedrun.com/api/v1/users/xk41ok7j'}]",2025-05-05,2025-05-05T09:28:05Z,PT7M48S,468.0,PT7M48S,468.0,,0,,0,w89rwelk,False,pr184lqn,,9qj7z0oq,5q8e86rq,,,,
82,m35l976y,https://www.speedrun.com/sm64/run/m35l976y,o1y9wo6q,,xk9gg6d0,[{'uri': 'https://www.youtube.com/watch?v=1vHuk20Sp8o'}],,verified,7j47lplj,2020-06-18T22:56:54Z,"[{'rel': 'user', 'id': '1xyldrvj', 'uri': 'https://www.speedrun.com/api/v1/users/1xyldrvj'}]",2020-06-18,2020-06-18T22:50:52Z,PT7M49S,469.0,PT7M49S,469.0,,0,,0,w89rwelk,False,o316x197,,9qj7z0oq,5q8e86rq,,,,
83,8yvnx4mo,https://www.speedrun.com/sm64/run/8yvnx4mo,o1y9wo6q,,xk9gg6d0,,,verified,,,"[{'rel': 'user', 'id': 'e8e6k12j', 'uri': 'https://www.speedrun.com/api/v1/users/e8e6k12j'}]",2013-06-30,,PT7M52S,472.0,PT7M52S,472.0,,0,,0,w89rwelk,False,o316x197,,9qj7z0oq,4qyxop3l,,,,
83,m3jgnv4z,https://www.speedrun.com/sm64/run/m3jgnv4z,o1y9wo6q,,xk9gg6d0,[{'uri': 'https://youtu.be/mjMOF5vX_-Q'}],,verified,98rv2rdj,2024-08-02T21:24:49Z,"[{'rel': 'user', 'id': 'zxz67wn8', 'uri': 'https://www.speedrun.com/api/v1/users/zxz67wn8'}]",2024-08-02,2024-08-02T05:26:31Z,PT7M52S,472.0,PT7M52S,472.0,,0,,0,w89rwelk,False,o316x197,,9qj7z0oq,5q8e86rq,,,,
85,nz11j7rz,https://www.speedrun.com/sm64/run/nz11j7rz,o1y9wo6q,,xk9gg6d0,[{'uri': 'https://www.youtube.com/watch?v=5-OFif7uBbs'}],,verified,o863r08z,,"[{'rel': 'user', 'id': 'zx7qg687', 'uri': 'https://www.speedrun.com/api/v1/users/zx7qg687'}]",2015-02-11,2015-02-11T11:31:53Z,PT7M53S,473.0,PT7M53S,473.0,,0,,0,w89rwelk,False,o316x197,,9qj7z0oq,5q8e86rq,,,,
85,y4qkro2m,https://www.speedrun.com/sm64/run/y4qkro2m,o1y9wo6q,,xk9gg6d0,[{'uri': 'https://youtu.be/ardzikqiKQI'}],"first league points, don't watch from fire sea entry on

mod note: verified: no due to choppy video",verified,98rv2rdj,2022-06-19T03:39:35Z,"[{'rel': 'user', 'id': 'zx7gkrx7', 'uri': 'https://www.speedrun.com/api/v1/users/zx7gkrx7'}]",2022-06-18,2022-06-19T02:13:37Z,PT7M53S,473.0,PT7M53S,473.0,,0,,0,w89rwelk,False,pr184lqn,,9qj7z0oq,4qyxop3l,,,,
87,meo33x9z,https://www.speedrun.com/sm64/run/meo33x9z,o1y9wo6q,,xk9gg6d0,[{'uri': 'https://www.youtube.com/watch?v=mXAfwhNawww'}],"Panicked in FS otherwise not bad, have to do slow throws so I don't wreck my main stick whilst I wait for my throwing controller to arrive.",verified,7j47lplj,2020-06-07T22:26:00Z,"[{'rel': 'user', 'id': 'qjo5lrl8', 'uri': 'https://www.speedrun.com/api/v1/users/qjo5lrl8'}]",2020-06-07,2020-06-07T22:19:14Z,PT7M54S,474.0,PT7M54S,474.0,,0,,0,w89rwelk,False,o316x197,,9qj7z0oq,5q8e86rq,,,,
87,yolqe7jy,https://www.speedrun.com/sm64/run/yolqe7jy,o1y9wo6q,,xk9gg6d0,[{'uri': 'https://youtu.be/HmWRdroz9e0'}],,verified,j03z503j,2023-03-15T03:35:42Z,"[{'rel': 'user', 'id': '8r7wykdj', 'uri': 'https://www.speedrun.com/api/v1/users/8r7wykdj'}]",2023-03-14,2023-03-14T22:22:02Z,PT7M54S,474.0,PT7M54S,474.0,,0,,0,w89rwelk,False,o316x197,,9qj7z0oq,5q8e86rq,,,,
89,znpn3rvm,https://www.speedrun.com/sm64/run/znpn3rvm,o1y9wo6q,,xk9gg6d0,[{'uri': 'https://www.youtube.com/watch?v=N771NczjtuY'}],FINALLY SUB 8! ,verified,j4232gmx,2022-07-23T04:00:15Z,"[{'rel': 'user', 'id': 'jo2l6w78', 'uri': 'https://www.speedrun.com/api/v1/users/jo2l6w78'}]",2022-07-22,2022-07-22T19:13:51Z,PT7M55S,475.0,PT7M55S,475.0,,0,,0,w89rwelk,False,o316x197,,9qj7z0oq,5q8e86rq,,,,
90,y8p1vk5z,https://www.speedrun.com/sm64/run/y8p1vk5z,o1y9wo6q,,xk9gg6d0,[{'uri': 'https://youtu.be/Vp_Q9j-5BmU'}],,verified,8lpgwllj,2024-07-22T23:45:03Z,"[{'rel': 'user', 'id': '8d3mywlx', 'uri': 'https://www.speedrun.com/api/v1/users/8d3mywlx'}]",2024-07-22,2024-07-22T21:55:56Z,PT7M56S,476.0,PT7M56S,476.0,,0,,0,w89rwelk,False,o316x197,,9qj7z0oq,5q8e86rq,,,,
91,y6l0l81y,https://www.speedrun.com/sm64/run/y6l0l81y,o1y9wo6q,,xk9gg6d0,[{'uri': 'https://youtu.be/vKD4-V6EDoY'}],,verified,zx7gkrx7,2019-09-30T02:49:21Z,"[{'rel': 'user', 'id': '5j5r396x', 'uri': 'https://www.speedrun.com/api/v1/users/5j5r396x'}]",2019-09-27,2019-09-29T06:00:54Z,PT7M58S,478.0,PT7M58S,478.0,,0,,0,w89rwelk,False,o316x197,,9qj7z0oq,5q8e86rq,,,,
91,mrl1kq4m,https://www.speedrun.com/sm64/run/mrl1kq4m,o1y9wo6q,,xk9gg6d0,[{'uri': 'https://www.twitch.tv/videos/1841563149'}],wtf,verified,qxk4wo6j,2023-06-09T14:31:59Z,"[{'rel': 'user', 'id': '8rlr3pg8', 'uri': 'https://www.speedrun.com/api/v1/users/8rlr3pg8'}]",2023-06-09,2023-06-09T04:11:43Z,PT7M58S,478.0,PT7M58S,478.0,,0,,0,w89rwelk,False,o316x197,,9qj7z0oq,5q8e86rq,,,,
93,zx3ow55z,https://www.speedrun.com/sm64/run/zx3ow55z,o1y9wo6q,,xk9gg6d0,[{'uri': 'https://www.youtube.com/watch?v=Rhq73k7bj1g'}],,verified,qxkm6mj0,2023-06-17T19:31:08Z,"[{'rel': 'user', 'id': 'j9rd5koj', 'uri': 'https://www.speedrun.com/api/v1/users/j9rd5koj'}]",2023-06-17,2023-06-17T12:42:08Z,PT7M59S,479.0,PT7M59S,479.0,,0,,0,w89rwelk,False,o316x197,,9qj7z0oq,5q8e86rq,,,,
93,yvvqgj4y,https://www.speedrun.com/sm64/run/yvvqgj4y,o1y9wo6q,,xk9gg6d0,[{'uri': 'https://youtu.be/MtjsGHy30WI'}],"mod note: ""Verified: no"" due to drop in recording at 0:30-0:33 on timer.",verified,8q3dqn7j,2023-11-08T16:09:03Z,"[{'rel': 'user', 'id': 'j2wrvyoj', 'uri': 'https://www.speedrun.com/api/v1/users/j2wrvyoj'}]",2023-11-06,2023-11-06T17:08:03Z,PT7M59S,479.0,PT7M59S,479.0,,0,,0,w89rwelk,False,o316x197,,9qj7z0oq,4qyxop3l,,,,
95,mr0q3vdm,https://www.speedrun.com/sm64/run/mr0q3vdm,o1y9wo6q,,xk9gg6d0,[{'uri': 'https://www.youtube.com/watch?v=ugGdqcVYskU'}],"oh.. mah.. gawd..

shoutouts to cosma :)",verified,8vkn1mnj,2024-12-11T20:21:31Z,"[{'rel': 'user', 'id': 'qxkppkkj', 'uri': 'https://www.speedrun.com/api/v1/users/qxkppkkj'}]",2024-12-10,2024-12-10T23:23:45Z,PT8M3S,483.0,PT8M3S,483.0,,0,,0,w89rwelk,False,o316x197,,9qj7z0oq,5q8e86rq,,,,
96,z1ndoe9y,https://www.speedrun.com/sm64/run/z1ndoe9y,o1y9wo6q,,xk9gg6d0,[{'uri': 'https://www.twitch.tv/videos/2191207243'}],,verified,98rp5mwj,2024-07-07T13:28:50Z,"[{'rel': 'user', 'id': '8v5nwrnj', 'uri': 'https://www.speedrun.com/api/v1/users/8v5nwrnj'}]",2024-07-06,2024-07-07T02:35:57Z,PT8M4S,484.0,PT8M4S,484.0,,0,,0,w89rwelk,False,o316x197,,9qj7z0oq,5q8e86rq,,,,
97,yddjw6wy,https://www.speedrun.com/sm64/run/yddjw6wy,o1y9wo6q,,xk9gg6d0,[{'uri': 'https://www.twitch.tv/videos/1503249220'}],https://twitter.com/Alaris_Villain/status/1533911216585945089?s=20&t=alyto6F6GHAENr5_pXYgIA,verified,qxkm6mj0,2022-06-14T15:05:42Z,"[{'rel': 'user', 'id': '8rprrndj', 'uri': 'https://www.speedrun.com/api/v1/users/8rprrndj'}]",2022-06-13,2022-06-14T03:46:42Z,PT8M6S,486.0,PT8M6S,486.0,,0,,0,w89rwelk,False,o316x197,,9qj7z0oq,5q8e86rq,,,,
98,emkx42vz,https://www.speedrun.com/sm64/run/emkx42vz,o1y9wo6q,,xk9gg6d0,[{'uri': 'http://www.nicovideo.jp/watch/sm29879847'}],,verified,48grkp1x,2017-01-09T02:26:07Z,"[{'rel': 'user', 'id': '5j52e9qj', 'uri': 'https://www.speedrun.com/api/v1/users/5j52e9qj'}]",2016-10-21,2017-01-09T02:26:07Z,PT8M8S,488.0,PT8M8S,488.0,,0,,0,w89rwelk,False,o316x197,,9qj7z0oq,5q8e86rq,,,,
99,m3n30k4y,https://www.speedrun.com/sm64/run/m3n30k4y,o1y9wo6q,,xk9gg6d0,[{'uri': 'https://youtu.be/bQAOXnYq9OU'}],"woke up and chose 0 star ?
",verified,v8159vlj,2021-02-18T21:10:12Z,"[{'rel': 'user', 'id': 'kjp07yy8', 'uri': 'https://www.speedrun.com/api/v1/users/kjp07yy8'}]",2021-02-18,2021-02-18T16:20:08Z,PT8M9S,489.0,PT8M9S,489.0,,0,,0,w89rwelk,False,o316x197,,9qj7z0oq,5q8e86rq,,,,
100,y4q03xkm,https://www.speedrun.com/sm64/run/y4q03xkm,o1y9wo6q,,xk9gg6d0,[{'uri': 'https://www.twitch.tv/videos/1527121048'}],"mod note: 0.66s trimmed from beginning sequence, including full beginning in future submissions would be ideal B) (confirmed as 8:10)",verified,qxkm6mj0,2022-07-09T21:14:07Z,"[{'rel': 'user', 'id': '7j4q7emx', 'uri': 'https://www.speedrun.com/api/v1/users/7j4q7emx'}]",2022-07-09,2022-07-09T19:57:04Z,PT8M10S,490.0,PT8M10S,490.0,,0,,0,w89rwelk,False,pr184lqn,,9qj7z0oq,5q8e86rq,,,,
101,yjxv8ldz,https://www.speedrun.com/sm64/run/yjxv8ldz,o1y9wo6q,,xk9gg6d0,[{'uri': 'https://www.youtube.com/watch?v=CR-g2bng2Lc'}],"started timer a hair early but also split a little early, could be a really low 8:11 (also split at the end of bits but caught it, so timer should be accurate at least in that instance lmao)

(run starts at pretty much 38:00 exactly, in case yt trim hasn't processed)",verified,zx7gkrx7,2022-03-19T04:58:09Z,"[{'rel': 'user', 'id': 'zxze4qex', 'uri': 'https://www.speedrun.com/api/v1/users/zxze4qex'}]",2022-03-18,2022-03-19T00:50:09Z,PT8M11S,491.0,PT8M11S,491.0,,0,,0,w89rwelk,False,pr184lqn,,9qj7z0oq,5q8e86rq,,,,
101,m7o76e0y,https://www.speedrun.com/sm64/run/m7o76e0y,o1y9wo6q,,xk9gg6d0,[{'uri': 'https://www.twitch.tv/videos/2227957393'}],,verified,8lpgwllj,2024-08-19T23:18:14Z,"[{'rel': 'user', 'id': '8w1wng4x', 'uri': 'https://www.speedrun.com/api/v1/users/8w1wng4x'}]",2024-08-16,2024-08-19T05:26:15Z,PT8M11S,491.0,PT8M11S,491.0,,0,,0,w89rwelk,False,o316x197,,9qj7z0oq,5q8e86rq,,,,
103,2ywwxpy4,https://www.speedrun.com/sm64/run/2ywwxpy4,o1y9wo6q,,xk9gg6d0,[{'uri': 'http://www.nicovideo.jp/watch/sm17164013'}],,verified,qxkm6mj0,,"[{'rel': 'user', 'id': 'v81kkerj', 'uri': 'https://www.speedrun.com/api/v1/users/v81kkerj'}]",2012-03-05,,PT8M12S,492.0,PT8M12S,492.0,,0,,0,w89rwelk,False,pr184lqn,,9qj7z0oq,5q8e86rq,,,,
103,zp686o8m,https://www.speedrun.com/sm64/run/zp686o8m,o1y9wo6q,,xk9gg6d0,[{'uri': 'https://www.youtube.com/watch?v=gfjC2ysymu8'}],,verified,qxkm6mj0,2024-04-04T11:46:39Z,"[{'rel': 'user', 'id': '8w1de74x', 'uri': 'https://www.speedrun.com/api/v1/users/8w1de74x'}]",2024-04-04,2024-04-04T04:52:54Z,PT8M12S,492.0,PT8M12S,492.0,,0,,0,w89rwelk,False,o316x197,,9qj7z0oq,5q8e86rq,,,,
105,z0o2xloz,https://www.speedrun.com/sm64/run/z0o2xloz,o1y9wo6q,,xk9gg6d0,[{'uri': 'https://www.twitch.tv/videos/1424565241'}],"previous pb: 9:56 (first run ever, but was too lazy to submit)

mod note: 8:14(.03)",verified,qxkm6mj0,2022-03-13T19:33:28Z,"[{'rel': 'user', 'id': 'zx7gnyx7', 'uri': 'https://www.speedrun.com/api/v1/users/zx7gnyx7'}]",2022-03-13,2022-03-13T19:18:31Z,PT8M14S,494.0,PT8M14S,494.0,,0,,0,w89rwelk,False,pr184lqn,,9qj7z0oq,5q8e86rq,,,,
105,yvredo4z,https://www.speedrun.com/sm64/run/yvredo4z,o1y9wo6q,,xk9gg6d0,[{'uri': 'https://www.youtube.com/watch?v=cM0C3z0ObVc'}],7,verified,98rv2rdj,2022-07-18T00:51:06Z,"[{'rel': 'user', 'id': 'y8dz54gj', 'uri': 'https://www.speedrun.com/api/v1/users/y8dz54gj'}]",2022-07-17,2022-07-17T20:14:00Z,PT8M14S,494.0,PT8M14S,494.0,,0,,0,w89rwelk,False,o316x197,,9qj7z0oq,5q8e86rq,,,,
107,meeqdj9m,https://www.speedrun.com/sm64/run/meeqdj9m,o1y9wo6q,,xk9gg6d0,[{'uri': 'https://www.youtube.com/watch?v=2JA--ySsSnI'}],"Faster than my 1 star finally, only took 5 years.",verified,qxkm6mj0,2023-04-15T17:57:14Z,"[{'rel': 'user', 'id': 'v8l04qv8', 'uri': 'https://www.speedrun.com/api/v1/users/v8l04qv8'}]",2023-04-15,2023-04-15T16:13:03Z,PT8M15S,495.0,PT8M15S,495.0,,0,,0,w89rwelk,False,pr184lqn,,9qj7z0oq,5q8e86rq,,,,
107,mrlvjg2m,https://www.speedrun.com/sm64/run/mrlvjg2m,o1y9wo6q,,xk9gg6d0,[{'uri': 'https://www.twitch.tv/videos/1876356319'}],,verified,qxkm6mj0,2023-07-20T13:59:20Z,"[{'rel': 'user', 'id': '8v55qvej', 'uri': 'https://www.speedrun.com/api/v1/users/8v55qvej'}]",2023-07-16,2023-07-19T21:31:34Z,PT8M15S,495.0,PT8M15S,495.0,,0,,0,w89rwelk,False,o316x197,,9qj7z0oq,5q8e86rq,,,,
107,y4lek1dz,https://www.speedrun.com/sm64/run/y4lek1dz,o1y9wo6q,,xk9gg6d0,[{'uri': 'https://youtu.be/iV_hbCEjmto'}],,verified,8lpgwllj,2024-08-04T23:37:07Z,"[{'rel': 'user', 'id': 'jmo3d1e8', 'uri': 'https://www.speedrun.com/api/v1/users/jmo3d1e8'}]",2024-08-03,2024-08-03T21:44:18Z,PT8M15S,495.0,PT8M15S,495.0,,0,,0,w89rwelk,False,pr184lqn,,9qj7z0oq,5q8e86rq,,,,
107,m3vd7gdz,https://www.speedrun.com/sm64/run/m3vd7gdz,o1y9wo6q,,xk9gg6d0,[{'uri': 'https://youtu.be/PczsxXD1qSY?si=xWQ13Xgtv9pMnCVM'}],Mod note: retimed to 8:15.600,verified,8q316z7j,2025-04-27T21:09:29Z,"[{'rel': 'user', 'id': 'j2pdvoo8', 'uri': 'https://www.speedrun.com/api/v1/users/j2pdvoo8'}]",2025-04-27,2025-04-27T07:14:50Z,PT8M15S,495.0,PT8M15S,495.0,,0,,0,w89rwelk,False,o316x197,,9qj7z0oq,5q8e86rq,,,,
111,z0e5w04m,https://www.speedrun.com/sm64/run/z0e5w04m,o1y9wo6q,,xk9gg6d0,[{'uri': 'https://www.youtube.com/watch?v=pxgZLd7YRKY'}],,verified,e8e6edj0,2017-06-20T05:33:28Z,"[{'rel': 'user', 'id': 'e8e6edj0', 'uri': 'https://www.speedrun.com/api/v1/users/e8e6edj0'}]",2017-06-20,2017-06-20T05:33:28Z,PT8M16S,496.0,PT8M16S,496.0,,0,,0,w89rwelk,False,o316x197,,9qj7z0oq,5q8e86rq,,,,
112,6yje93md,https://www.speedrun.com/sm64/run/6yje93md,o1y9wo6q,,xk9gg6d0,[{'uri': 'http://www.nicovideo.jp/watch/sm19169200'}],,verified,qxkm6mj0,,"[{'rel': 'guest', 'name': '[jp]OMUNAMU', 'uri': 'https://www.speedrun.com/api/v1/guests/%5Bjp%5DOMUNAMU'}]",2012-10-21,,PT8M17S,497.0,PT8M17S,497.0,,0,,0,w89rwelk,False,o316x197,,9qj7z0oq,5q8e86rq,,,,
112,z0ov6eoz,https://www.speedrun.com/sm64/run/z0ov6eoz,o1y9wo6q,,xk9gg6d0,[{'uri': 'https://www.youtube.com/watch?v=GfHlc7LZjDw'}],yes this category is very fun and healthy and you should run it too!,verified,zx7gkrx7,2022-03-29T05:11:16Z,"[{'rel': 'user', 'id': '98rl4w38', 'uri': 'https://www.speedrun.com/api/v1/users/98rl4w38'}]",2022-03-28,2022-03-29T03:44:32Z,PT8M17S,497.0,PT8M17S,497.0,,0,,0,w89rwelk,False,pr184lqn,,9qj7z0oq,5q8e86rq,,,,
114,yvr8216z,https://www.speedrun.com/sm64/run/yvr8216z,o1y9wo6q,,xk9gg6d0,[{'uri': 'https://www.youtube.com/watch?v=VNg1MzjgP9o'}],shoutout to thomkar,verified,qxkm6mj0,2022-06-08T13:32:20Z,"[{'rel': 'user', 'id': 'qxkovr28', 'uri': 'https://www.speedrun.com/api/v1/users/qxkovr28'}]",2022-06-07,2022-06-08T04:56:36Z,PT8M18S,498.0,PT8M18S,498.0,,0,,0,w89rwelk,False,pr184lqn,,9qj7z0oq,5q8e86rq,,,,
115,y9vj7nrm,https://www.speedrun.com/sm64/run/y9vj7nrm,o1y9wo6q,,xk9gg6d0,[{'uri': 'https://www.youtube.com/watch?v=4HCyw_rCvoc'}],,verified,qxkm6mj0,2022-06-22T13:32:45Z,"[{'rel': 'user', 'id': '98rv2rdj', 'uri': 'https://www.speedrun.com/api/v1/users/98rv2rdj'}]",2022-06-21,2022-06-22T02:28:38Z,PT8M19S,499.0,PT8M19S,499.0,,0,,0,w89rwelk,False,pr184lqn,,9qj7z0oq,5q8e86rq,,,,
116,7ylpxkmp,https://www.speedrun.com/sm64/run/7ylpxkmp,o1y9wo6q,,xk9gg6d0,,Legacy. No VoD. Added from atwiki,verified,,,"[{'rel': 'guest', 'name': '[jp]ことんび (Kotonbi)', 'uri': 'https://www.speedrun.com/api/v1/guests/%5Bjp%5D%E3%81%93%E3%81%A8%E3%82%93%E3%81%B3+%28Kotonbi%29'}]",2012-10-22,,PT8M20S,500.0,PT8M20S,500.0,,0,,0,w89rwelk,False,o316x197,,9qj7z0oq,4qyxop3l,,,,
116,zn93948y,https://www.speedrun.com/sm64/run/zn93948y,o1y9wo6q,,xk9gg6d0,[{'uri': 'https://youtu.be/aNyuB7lMakY'}],"worst run ever

Mod note: retimed to 8:20.78

![](/static/blob/4zjqk35e.jpg)",verified,8q316z7j,2025-01-04T02:31:54Z,"[{'rel': 'user', 'id': 'x72zygq8', 'uri': 'https://www.speedrun.com/api/v1/users/x72zygq8'}]",2025-01-02,2025-01-03T04:52:54Z,PT8M20S,500.0,PT8M20S,500.0,,0,,0,w89rwelk,False,o316x197,,9qj7z0oq,5q8e86rq,,,,
118,ydd4o60y,https://www.speedrun.com/sm64/run/ydd4o60y,o1y9wo6q,,xk9gg6d0,[{'uri': 'https://www.twitch.tv/videos/1525929931'}],"mod note (kyman): accepting, but setting to verified: no due to bottom of capture card 'clipping' throughout the run",verified,48gye018,2022-07-09T07:24:37Z,"[{'rel': 'user', 'id': 'xz9z40r8', 'uri': 'https://www.speedrun.com/api/v1/users/xz9z40r8'}]",2022-07-08,2022-07-08T15:02:30Z,PT8M21S,501.0,PT8M21S,501.0,,0,,0,w89rwelk,False,o316x197,,9qj7z0oq,4qyxop3l,,,,
119,yvpon8xy,https://www.speedrun.com/sm64/run/yvpon8xy,o1y9wo6q,,xk9gg6d0,[{'uri': 'https://www.youtube.com/watch?v=tGC9x_5eIug'}],sub 7 eventually :pep:,verified,qxkm6mj0,2023-06-18T04:07:35Z,"[{'rel': 'user', 'id': 'pj0mn69x', 'uri': 'https://www.speedrun.com/api/v1/users/pj0mn69x'}]",2023-06-17,2023-06-18T01:36:17Z,PT8M22S,502.0,PT8M22S,502.0,,0,,0,w89rwelk,False,pr184lqn,,9qj7z0oq,5q8e86rq,,,,
120,pzgjovz2,https://www.speedrun.com/sm64/run/pzgjovz2,o1y9wo6q,,xk9gg6d0,[{'uri': 'http://www.nicovideo.jp/watch/sm17496972'}],,verified,,,"[{'rel': 'guest', 'name': '[jp]わらびん (Warabin)', 'uri': 'https://www.speedrun.com/api/v1/guests/%5Bjp%5D%E3%82%8F%E3%82%89%E3%81%B3%E3%82%93+%28Warabin%29'}]",2012-02-13,,PT8M23S,503.0,PT8M23S,503.0,,0,,0,w89rwelk,False,o316x197,,9qj7z0oq,5q8e86rq,,,,
121,9meng9m7,https://www.speedrun.com/sm64/run/9meng9m7,o1y9wo6q,,xk9gg6d0,"[{'uri': 'http://www.nicovideo.jp/watch/sm16048604'}, {'uri': 'https://www.youtube.com/watch?v=U4LObkSRnAg'}]",http://www.nicovideo.jp/watch/sm16048604,verified,,,"[{'rel': 'guest', 'name': '[jp]ryou', 'uri': 'https://www.speedrun.com/api/v1/guests/%5Bjp%5Dryou'}]",2011-11-01,2023-10-04T18:54:05Z,PT8M24S,504.0,PT8M24S,504.0,,0,,0,w89rwelk,False,o316x197,,9qj7z0oq,5q8e86rq,,,,
122,zxj501ey,https://www.speedrun.com/sm64/run/zxj501ey,o1y9wo6q,,xk9gg6d0,[{'uri': 'https://youtu.be/PJMXLnUeLHQ'}],DDDeez nuts,verified,j2w1w5lj,2025-03-30T03:29:44Z,"[{'rel': 'user', 'id': '8r1gmg6j', 'uri': 'https://www.speedrun.com/api/v1/users/8r1gmg6j'}]",2025-03-24,2025-03-24T18:35:18Z,PT8M25S,505.0,PT8M25S,505.0,,0,,0,w89rwelk,False,o316x197,,9qj7z0oq,5q8e86rq,,,,
123,z05k0jom,https://www.speedrun.com/sm64/run/z05k0jom,o1y9wo6q,,xk9gg6d0,[{'uri': 'https://youtu.be/ocRHBoFx5GM'}],,verified,zxzlqn8q,2020-08-14T16:02:31Z,"[{'rel': 'user', 'id': 'o86q79qx', 'uri': 'https://www.speedrun.com/api/v1/users/o86q79qx'}]",2020-08-09,2020-08-09T05:03:05Z,PT8M27S,507.0,PT8M27S,507.0,,0,,0,w89rwelk,False,o316x197,,9qj7z0oq,5q8e86rq,,,,
124,ydl700vz,https://www.speedrun.com/sm64/run/ydl700vz,o1y9wo6q,,xk9gg6d0,[{'uri': 'https://youtu.be/WidF9MBNtwc'}],,verified,j4232gmx,2024-11-15T19:40:30Z,"[{'rel': 'user', 'id': 'xyrwkqwj', 'uri': 'https://www.speedrun.com/api/v1/users/xyrwkqwj'}]",2024-11-15,2024-11-15T02:44:55Z,PT8M28S,508.0,PT8M28S,508.0,,0,,0,w89rwelk,False,o316x197,,9qj7z0oq,5q8e86rq,,,,
125,melelq2z,https://www.speedrun.com/sm64/run/melelq2z,o1y9wo6q,,xk9gg6d0,[{'uri': 'https://www.youtube.com/watch?v=ZULtqU6zMUc'}],,verified,qxkm6mj0,2023-07-08T14:51:40Z,"[{'rel': 'user', 'id': '8gee0n2j', 'uri': 'https://www.speedrun.com/api/v1/users/8gee0n2j'}]",2023-07-07,2023-07-08T02:02:07Z,PT8M29S,509.0,PT8M29S,509.0,,0,,0,w89rwelk,False,o316x197,,9qj7z0oq,5q8e86rq,,,,
126,yvq5p7xm,https://www.speedrun.com/sm64/run/yvq5p7xm,o1y9wo6q,,xk9gg6d0,[{'uri': 'https://www.youtube.com/watch?v=NzglecSpJX8'}],,verified,qxkm6mj0,2022-03-07T21:32:21Z,"[{'rel': 'user', 'id': '18vdp928', 'uri': 'https://www.speedrun.com/api/v1/users/18vdp928'}]",2022-03-07,2022-03-07T21:17:19Z,PT8M32S,512.0,PT8M32S,512.0,,0,,0,w89rwelk,False,o316x197,,9qj7z0oq,5q8e86rq,,,,
127,zqv68e9m,https://www.speedrun.com/sm64/run/zqv68e9m,o1y9wo6q,,xk9gg6d0,[{'uri': 'https://youtu.be/t2iqr-DvBBo'}],,verified,qxkm6mj0,2021-07-31T19:08:16Z,"[{'rel': 'user', 'id': '7j43q6w8', 'uri': 'https://www.speedrun.com/api/v1/users/7j43q6w8'}]",2021-07-31,2021-07-31T18:22:24Z,PT8M35S,515.0,PT8M35S,515.0,,0,,0,w89rwelk,False,o316x197,,9qj7z0oq,5q8e86rq,,,,
128,mr0v797m,https://www.speedrun.com/sm64/run/mr0v797m,o1y9wo6q,,xk9gg6d0,[{'uri': 'https://youtu.be/0uh48d4UVZg'}],mod note: retimed to 8:36(.516),verified,8e6k1loj,2025-02-28T10:15:14Z,"[{'rel': 'user', 'id': '8lrm6r78', 'uri': 'https://www.speedrun.com/api/v1/users/8lrm6r78'}]",2025-02-27,2025-02-27T14:58:29Z,PT8M36S,516.0,PT8M36S,516.0,,0,,0,w89rwelk,False,o316x197,,9qj7z0oq,5q8e86rq,,,,
129,z52eo05z,https://www.speedrun.com/sm64/run/z52eo05z,o1y9wo6q,,xk9gg6d0,[{'uri': 'https://youtu.be/TFkxHrwQhFs'}],CHOKE,verified,48gye018,2022-06-07T03:08:01Z,"[{'rel': 'user', 'id': '8qz5qoq8', 'uri': 'https://www.speedrun.com/api/v1/users/8qz5qoq8'}]",2022-06-06,2022-06-07T02:13:44Z,PT8M37S,517.0,PT8M37S,517.0,,0,,0,w89rwelk,False,pr184lqn,,9qj7z0oq,5q8e86rq,,,,
130,nz1lov9m,https://www.speedrun.com/sm64/run/nz1lov9m,o1y9wo6q,,xk9gg6d0,[{'uri': 'https://www.twitch.tv/kobrahjer/v/30222718'}],,verified,48grkp1x,2016-06-07T09:37:48Z,"[{'rel': 'user', 'id': '18vkpkyj', 'uri': 'https://www.speedrun.com/api/v1/users/18vkpkyj'}]",2015-12-16,2016-06-07T09:37:48Z,PT8M38S,518.0,PT8M38S,518.0,,0,,0,w89rwelk,False,o316x197,,9qj7z0oq,5q8e86rq,,,,
131,yj96k47z,https://www.speedrun.com/sm64/run/yj96k47z,o1y9wo6q,,xk9gg6d0,[{'uri': 'https://youtu.be/xy0tae2QVyI'}],,verified,8lpgwllj,2024-08-02T23:05:03Z,"[{'rel': 'user', 'id': '8e6qyddj', 'uri': 'https://www.speedrun.com/api/v1/users/8e6qyddj'}]",2024-07-31,2024-07-31T22:40:56Z,PT8M39S,519.0,PT8M39S,519.0,,0,,0,w89rwelk,False,o316x197,,9qj7z0oq,5q8e86rq,,,,
132,z1lw4g9m,https://www.speedrun.com/sm64/run/z1lw4g9m,o1y9wo6q,,xk9gg6d0,[{'uri': 'https://www.youtube.com/watch?v=qsIYv4BfIuY'}],"finally got the sub 9

absurdly bad ddd skip, missed fs throw and last bits throw",verified,qxkm6mj0,2023-09-05T13:58:14Z,"[{'rel': 'user', 'id': '8r3064w8', 'uri': 'https://www.speedrun.com/api/v1/users/8r3064w8'}]",2023-09-04,2023-09-04T19:01:26Z,PT8M40S,520.0,PT8M40S,520.0,,0,,0,w89rwelk,False,pr184lqn,,9qj7z0oq,5q8e86rq,,splits.io,https://splits.io/api/v3/runs/b6e0,
133,zx3l97ez,https://www.speedrun.com/sm64/run/zx3l97ez,o1y9wo6q,,xk9gg6d0,[{'uri': 'https://www.youtube.com/watch?v=uz0X1EFfq_c'}],"saddest pb ever

mod note: retimed to 8:41",verified,qxkm6mj0,2023-06-19T23:20:06Z,"[{'rel': 'user', 'id': '863k2ww8', 'uri': 'https://www.speedrun.com/api/v1/users/863k2ww8'}]",2023-06-19,2023-06-19T17:33:29Z,PT8M41S,521.0,PT8M41S,521.0,,0,,0,w89rwelk,False,o316x197,,9qj7z0oq,5q8e86rq,,,,
134,dy4wv2qm,https://www.speedrun.com/sm64/run/dy4wv2qm,o1y9wo6q,,xk9gg6d0,[{'uri': 'https://www.youtube.com/watch?v=csG8NnstenQ'}],,verified,qxkm6mj0,2015-06-17T07:22:33Z,"[{'rel': 'user', 'id': '68wwn48g', 'uri': 'https://www.speedrun.com/api/v1/users/68wwn48g'}]",2015-05-08,2015-06-17T07:18:19Z,PT8M43S,523.0,PT8M43S,523.0,,0,,0,w89rwelk,False,o316x197,,9qj7z0oq,5q8e86rq,,,,
135,zgo44jdm,https://www.speedrun.com/sm64/run/zgo44jdm,o1y9wo6q,,xk9gg6d0,[{'uri': 'https://youtu.be/kzAHliCFPNQ?si=ptw5NeUqN0HMKbr9'}],go broncos,verified,zx7gkrx7,2024-11-28T03:12:38Z,"[{'rel': 'user', 'id': '8l46gmvj', 'uri': 'https://www.speedrun.com/api/v1/users/8l46gmvj'}]",2024-11-26,2024-11-26T08:31:04Z,PT8M45S,525.0,PT8M45S,525.0,,0,,0,w89rwelk,False,o316x197,,9qj7z0oq,5q8e86rq,,,,
136,y8pr3v5z,https://www.speedrun.com/sm64/run/y8pr3v5z,o1y9wo6q,,xk9gg6d0,[{'uri': 'https://youtu.be/JrVGB8poJiU'}],Shoutout Cosmalano,verified,zx7gkrx7,2024-08-02T00:50:14Z,"[{'rel': 'user', 'id': 'x76047vj', 'uri': 'https://www.speedrun.com/api/v1/users/x76047vj'}]",2024-07-31,2024-07-31T18:44:59Z,PT8M55S,535.0,PT8M55S,535.0,,0,,0,w89rwelk,False,o316x197,,9qj7z0oq,5q8e86rq,,,,
137,9yoqx7zx,https://www.speedrun.com/sm64/run/9yoqx7zx,o1y9wo6q,,xk9gg6d0,[{'uri': 'https://www.twitch.tv/exe_de/v/46967261'}],,verified,,,"[{'rel': 'user', 'id': 'dx35r2jl', 'uri': 'https://www.speedrun.com/api/v1/users/dx35r2jl'}]",2014-03-10,,PT8M56S,536.0,PT8M56S,536.0,,0,,0,w89rwelk,False,o316x197,,9qj7z0oq,5q8e86rq,,,,
138,y9lk11ey,https://www.speedrun.com/sm64/run/y9lk11ey,o1y9wo6q,,xk9gg6d0,[{'uri': 'https://www.youtube.com/watch?v=muHF8rCZDkI'}],hi,verified,zx7gkrx7,2022-02-07T05:10:28Z,"[{'rel': 'user', 'id': '8qzwgr78', 'uri': 'https://www.speedrun.com/api/v1/users/8qzwgr78'}]",2022-02-06,2022-02-07T04:03:26Z,PT8M57S,537.0,PT8M57S,537.0,,0,,0,w89rwelk,False,o316x197,,9qj7z0oq,5q8e86rq,,,,
139,z1ndewwy,https://www.speedrun.com/sm64/run/z1ndewwy,o1y9wo6q,,xk9gg6d0,[{'uri': 'https://www.youtube.com/watch?v=aTjjJOmw8as'}],,verified,8lpgwllj,2024-07-11T19:27:55Z,"[{'rel': 'user', 'id': 'j2w1w5lj', 'uri': 'https://www.speedrun.com/api/v1/users/j2w1w5lj'}]",2024-07-10,2024-07-11T02:04:53Z,PT8M58S,538.0,PT8M58S,538.0,,0,,0,w89rwelk,False,o316x197,,9qj7z0oq,5q8e86rq,,,,
140,y4e3v6km,https://www.speedrun.com/sm64/run/y4e3v6km,o1y9wo6q,,xk9gg6d0,[{'uri': 'https://youtu.be/PxGYLyq3Qes'}],sub 9min yay,verified,qxk4wo6j,2020-09-25T20:12:58Z,"[{'rel': 'user', 'id': 'qjn6qqqx', 'uri': 'https://www.speedrun.com/api/v1/users/qjn6qqqx'}]",2020-08-06,2020-09-25T07:00:23Z,PT8M59S,539.0,PT8M59S,539.0,,0,,0,w89rwelk,False,o316x197,,9qj7z0oq,5q8e86rq,,,,
141,yo34jl0y,https://www.speedrun.com/sm64/run/yo34jl0y,o1y9wo6q,,xk9gg6d0,[{'uri': 'https://www.twitch.tv/videos/739212361'}],lol,verified,e8e9ze2j,2020-09-14T07:47:54Z,"[{'rel': 'user', 'id': 'dx394zkx', 'uri': 'https://www.speedrun.com/api/v1/users/dx394zkx'}]",2020-09-12,2020-09-12T19:50:45Z,PT9M2S,542.0,PT9M2S,542.0,,0,,0,w89rwelk,False,o316x197,,9qj7z0oq,5q8e86rq,,,,
142,8y8vg1wz,https://www.speedrun.com/sm64/run/8y8vg1wz,o1y9wo6q,,xk9gg6d0,[{'uri': 'https://www.youtube.com/watch?v=WTzxhogGERk'}],,verified,18vo42xl,2015-09-11T04:39:20Z,"[{'rel': 'user', 'id': 'zx7q2pv8', 'uri': 'https://www.speedrun.com/api/v1/users/zx7q2pv8'}]",2015-09-08,2015-09-09T12:14:31Z,PT9M3S,543.0,PT9M3S,543.0,,0,,0,w89rwelk,False,pr184lqn,,9qj7z0oq,5q8e86rq,,,,
143,men1gd9m,https://www.speedrun.com/sm64/run/men1gd9m,o1y9wo6q,,xk9gg6d0,[{'uri': 'https://youtu.be/l4cjic-b--Q'}],,verified,8q316z7j,2025-02-07T21:52:53Z,"[{'rel': 'user', 'id': '8q5m1vw8', 'uri': 'https://www.speedrun.com/api/v1/users/8q5m1vw8'}]",2025-02-06,2025-02-06T15:37:45Z,PT9M6S,546.0,PT9M6S,546.0,,0,,0,w89rwelk,False,pr184lqn,,9qj7z0oq,5q8e86rq,,,,
144,yj1x767y,https://www.speedrun.com/sm64/run/yj1x767y,o1y9wo6q,,xk9gg6d0,[{'uri': 'https://www.youtube.com/watch?v=4GA9Ar64MN0'}],meme,verified,1xyky4n8,2021-02-15T18:13:03Z,"[{'rel': 'user', 'id': '98rrd381', 'uri': 'https://www.speedrun.com/api/v1/users/98rrd381'}]",2021-02-14,2021-02-15T15:18:40Z,PT9M9S,549.0,PT9M9S,549.0,,0,,0,w89rwelk,False,o316x197,,9qj7z0oq,5q8e86rq,,,,
144,yw3p38nm,https://www.speedrun.com/sm64/run/yw3p38nm,o1y9wo6q,,xk9gg6d0,[{'uri': 'https://www.youtube.com/watch?v=yKnLiAt8voI'}],,verified,zx7gkrx7,2022-04-17T03:37:30Z,"[{'rel': 'user', 'id': 'kj90merj', 'uri': 'https://www.speedrun.com/api/v1/users/kj90merj'}]",2022-04-16,2022-04-16T21:44:31Z,PT9M9S,549.0,PT9M9S,549.0,,0,,0,w89rwelk,False,o316x197,,9qj7z0oq,5q8e86rq,,,,
144,z52g2x5z,https://www.speedrun.com/sm64/run/z52g2x5z,o1y9wo6q,,xk9gg6d0,[{'uri': 'https://youtu.be/a_NQAos0yjc'}],,verified,98rv2rdj,2022-06-27T22:37:14Z,"[{'rel': 'user', 'id': '18qk2m78', 'uri': 'https://www.speedrun.com/api/v1/users/18qk2m78'}]",2022-06-27,2022-06-27T22:19:31Z,PT9M9S,549.0,PT9M9S,549.0,,0,,0,w89rwelk,False,pr184lqn,,9qj7z0oq,5q8e86rq,,,,
147,wzpkx8yq,https://www.speedrun.com/sm64/run/wzpkx8yq,o1y9wo6q,,xk9gg6d0,[{'uri': 'http://www.nicovideo.jp/watch/sm12887548'}],,verified,,,"[{'rel': 'guest', 'name': '[jp]taka12352', 'uri': 'https://www.speedrun.com/api/v1/guests/%5Bjp%5Dtaka12352'}]",2010-11-28,,PT9M11S,551.0,PT9M11S,551.0,,0,,0,w89rwelk,False,o316x197,,9qj7z0oq,5q8e86rq,,,,
148,pydvlwyn,https://www.speedrun.com/sm64/run/pydvlwyn,o1y9wo6q,,xk9gg6d0,,,verified,,,"[{'rel': 'guest', 'name': '[jp]ろりのすけ (Rorinosuke)', 'uri': 'https://www.speedrun.com/api/v1/guests/%5Bjp%5D%E3%82%8D%E3%82%8A%E3%81%AE%E3%81%99%E3%81%91+%28Rorinosuke%29'}]",,,PT9M13S,553.0,PT9M13S,553.0,,0,,0,w89rwelk,False,o316x197,,9qj7z0oq,4qyxop3l,,,,
149,yvgnkroy,https://www.speedrun.com/sm64/run/yvgnkroy,o1y9wo6q,,xk9gg6d0,,,verified,e8e6edj0,2018-02-17T11:33:42Z,"[{'rel': 'guest', 'name': '[jp]Nitanita', 'uri': 'https://www.speedrun.com/api/v1/guests/%5Bjp%5DNitanita'}]",2011-12-27,2018-02-17T11:33:42Z,PT9M18S,558.0,PT9M18S,558.0,,0,,0,w89rwelk,False,o316x197,,9qj7z0oq,4qyxop3l,,,,
150,z1gj6j9z,https://www.speedrun.com/sm64/run/z1gj6j9z,o1y9wo6q,,xk9gg6d0,[{'uri': 'https://youtu.be/NRYx_WFtXZE'}],"Still worst than my 1 star pb lmao



*reupload bc twitch",verified,j4232gmx,2025-03-13T12:23:18Z,"[{'rel': 'user', 'id': 'xko6o278', 'uri': 'https://www.speedrun.com/api/v1/users/xko6o278'}]",2022-08-10,2022-08-11T04:00:14Z,PT9M19S,559.0,PT9M19S,559.0,,0,,0,w89rwelk,False,o316x197,,9qj7z0oq,5q8e86rq,,,,
151,me3ok5qz,https://www.speedrun.com/sm64/run/me3ok5qz,o1y9wo6q,,xk9gg6d0,[{'uri': 'https://www.twitch.tv/videos/1467423514'}],,verified,qxkm6mj0,2022-04-26T13:52:15Z,"[{'rel': 'user', 'id': 'qxkvqp2j', 'uri': 'https://www.speedrun.com/api/v1/users/qxkvqp2j'}]",2022-04-26,2022-04-26T13:23:20Z,PT9M26S,566.0,PT9M26S,566.0,,0,,0,w89rwelk,False,o316x197,,9qj7z0oq,5q8e86rq,,,,
152,y6el826z,https://www.speedrun.com/sm64/run/y6el826z,o1y9wo6q,,xk9gg6d0,[{'uri': 'https://www.youtube.com/watch?v=2DhihCUU33k'}],,verified,8lpgwllj,2024-07-25T23:49:27Z,"[{'rel': 'user', 'id': '7j4rz5m8', 'uri': 'https://www.speedrun.com/api/v1/users/7j4rz5m8'}]",2024-07-24,2024-07-25T17:57:54Z,PT9M30S,570.0,PT9M30S,570.0,,0,,0,w89rwelk,False,o316x197,,9qj7z0oq,5q8e86rq,,,,
153,z18ll1gy,https://www.speedrun.com/sm64/run/z18ll1gy,o1y9wo6q,,xk9gg6d0,[{'uri': 'https://youtu.be/bUAT6SnwaNY'}],,verified,zx7gkrx7,2021-03-01T23:16:21Z,"[{'rel': 'user', 'id': '86v01k5j', 'uri': 'https://www.speedrun.com/api/v1/users/86v01k5j'}]",2021-02-28,2021-03-01T02:44:30Z,PT9M31S,571.0,PT9M31S,571.0,,0,,0,w89rwelk,False,pr184lqn,,9qj7z0oq,5q8e86rq,,,,
153,m7nropwz,https://www.speedrun.com/sm64/run/m7nropwz,o1y9wo6q,,xk9gg6d0,[{'uri': 'https://www.twitch.tv/videos/2188333835'}],,verified,8lpgwllj,2024-07-03T23:29:19Z,"[{'rel': 'user', 'id': 'jm3ymoo8', 'uri': 'https://www.speedrun.com/api/v1/users/jm3ymoo8'}]",2024-07-02,2024-07-03T18:51:23Z,PT9M31S,571.0,PT9M31S,571.0,,0,,0,w89rwelk,False,o316x197,,9qj7z0oq,5q8e86rq,,,,
155,mk95pnlz,https://www.speedrun.com/sm64/run/mk95pnlz,o1y9wo6q,,xk9gg6d0,[{'uri': 'https://www.twitch.tv/videos/315270656'}],SUCH A RUSH,verified,68wg36qx,2018-09-27T08:08:10Z,"[{'rel': 'user', 'id': 'kjp9nvk8', 'uri': 'https://www.speedrun.com/api/v1/users/kjp9nvk8'}]",2018-09-26,2018-09-27T05:29:05Z,PT9M35S,575.0,PT9M35S,575.0,,0,,0,w89rwelk,False,pr184lqn,,9qj7z0oq,5q8e86rq,,,,
155,mre9px2y,https://www.speedrun.com/sm64/run/mre9px2y,o1y9wo6q,,xk9gg6d0,[{'uri': 'https://www.youtube.com/watch?v=rQK0AKBxZdA&feature=youtu.be'}],"I can't believe I did DDD skip. This is my first ever time doing it.

Timer might be off. I turn on console and hit splits at the same time.
",verified,zx7gkrx7,2019-07-31T22:44:35Z,"[{'rel': 'user', 'id': 'e8e3m7j0', 'uri': 'https://www.speedrun.com/api/v1/users/e8e3m7j0'}]",2019-07-31,2019-07-31T08:44:11Z,PT9M35S,575.0,PT9M35S,575.0,,0,,0,w89rwelk,False,o316x197,,9qj7z0oq,5q8e86rq,,,,
155,y887lj1y,https://www.speedrun.com/sm64/run/y887lj1y,o1y9wo6q,,xk9gg6d0,[{'uri': 'https://youtu.be/9LSP0VUf1-E'}],mod note: retimed to 9:35,verified,qxkm6mj0,2022-07-25T12:51:58Z,"[{'rel': 'user', 'id': '7j4o0lm8', 'uri': 'https://www.speedrun.com/api/v1/users/7j4o0lm8'}]",2022-07-25,2022-07-25T05:19:57Z,PT9M35S,575.0,PT9M35S,575.0,,0,,0,w89rwelk,False,o316x197,,9qj7z0oq,5q8e86rq,,,,
158,z0je66jy,https://www.speedrun.com/sm64/run/z0je66jy,o1y9wo6q,,xk9gg6d0,[{'uri': 'https://www.youtube.com/watch?v=F2DcAKGrF3U'}],FS heart attack,verified,qxkm6mj0,2023-05-01T13:28:19Z,"[{'rel': 'user', 'id': '8geyv5pj', 'uri': 'https://www.speedrun.com/api/v1/users/8geyv5pj'}]",2023-05-01,2023-05-01T08:10:14Z,PT9M46S,586.0,PT9M46S,586.0,,0,,0,w89rwelk,False,o316x197,,9qj7z0oq,5q8e86rq,,,,
158,yj21o73m,https://www.speedrun.com/sm64/run/yj21o73m,o1y9wo6q,,xk9gg6d0,[{'uri': 'https://www.twitch.tv/videos/1838743220'}],pepemeltdown in bits LOL,verified,qxkm6mj0,2023-06-05T23:06:33Z,"[{'rel': 'user', 'id': 'j4q1vpwx', 'uri': 'https://www.speedrun.com/api/v1/users/j4q1vpwx'}]",2023-06-05,2023-06-05T22:46:26Z,PT9M46S,586.0,PT9M46S,586.0,,0,,0,w89rwelk,False,o316x197,,9qj7z0oq,5q8e86rq,,,,
160,z5pdrknm,https://www.speedrun.com/sm64/run/z5pdrknm,o1y9wo6q,,xk9gg6d0,[{'uri': 'https://www.youtube.com/watch?v=-5M7b_fHD1E'}],"1 Star attempts turned into 0 Star PB

Mod note: Retimed to 9:54.",verified,8qrv5k0j,2023-06-15T21:54:47Z,"[{'rel': 'user', 'id': '8r2ngoqx', 'uri': 'https://www.speedrun.com/api/v1/users/8r2ngoqx'}]",2023-06-15,2023-06-15T18:26:51Z,PT9M54S,594.0,PT9M54S,594.0,,0,,0,w89rwelk,False,o316x197,,9qj7z0oq,5q8e86rq,,,,
161,m79wxn9y,https://www.speedrun.com/sm64/run/m79wxn9y,o1y9wo6q,,xk9gg6d0,[{'uri': 'https://www.youtube.com/watch?v=tD0P7mBjdvs'}],"i retimed this through Sony vegas Pro, the exact time was 10:06.400",verified,zxzlqn8q,2017-10-03T15:03:49Z,"[{'rel': 'user', 'id': 'dx35v6ej', 'uri': 'https://www.speedrun.com/api/v1/users/dx35v6ej'}]",2017-10-03,2017-10-03T13:04:02Z,PT10M6S,606.0,PT10M6S,606.0,,0,,0,w89rwelk,False,o316x197,,9qj7z0oq,5q8e86rq,,,,
162,0znv5nlm,https://www.speedrun.com/sm64/run/0znv5nlm,o1y9wo6q,,xk9gg6d0,[{'uri': 'https://youtu.be/FFqTXbMMc0g'}],Lakitu skip pls,verified,zx7gkrx7,2016-06-28T23:18:19Z,"[{'rel': 'user', 'id': 'qjn3egwx', 'uri': 'https://www.speedrun.com/api/v1/users/qjn3egwx'}]",2016-06-28,2016-06-28T22:18:32Z,PT10M9S,609.0,PT10M9S,609.0,,0,,0,w89rwelk,False,e6lxy1dz,,9qj7z0oq,5q8e86rq,,,,
163,yl4v6pnm,https://www.speedrun.com/sm64/run/yl4v6pnm,o1y9wo6q,,xk9gg6d0,[{'uri': 'https://youtu.be/sBbgkMFgHWQ'}],This was my first 0 star run so I decided to continue. After i got the skip i was playing very safe as I knew if I died I would leave fs. So yeah.. never running this again. Also... bad mic,verified,18qrq47j,2018-08-14T00:37:06Z,"[{'rel': 'user', 'id': '68wgmkvx', 'uri': 'https://www.speedrun.com/api/v1/users/68wgmkvx'}]",2018-08-13,2018-08-12T23:17:53Z,PT10M14S,614.0,PT10M14S,614.0,,0,,0,w89rwelk,False,o316x197,,9qj7z0oq,5q8e86rq,,,,
164,jy9pdvm4,https://www.speedrun.com/sm64/run/jy9pdvm4,o1y9wo6q,,xk9gg6d0,[{'uri': 'http://www.nicovideo.jp/watch/sm16152797'}],,verified,,,"[{'rel': 'guest', 'name': '[jp]まる (Maru)', 'uri': 'https://www.speedrun.com/api/v1/guests/%5Bjp%5D%E3%81%BE%E3%82%8B+%28Maru%29'}]",2011-11-12,,PT10M35S,635.0,PT10M35S,635.0,,0,,0,w89rwelk,False,o316x197,,9qj7z0oq,5q8e86rq,,,,
165,yvqkno6m,https://www.speedrun.com/sm64/run/yvqkno6m,o1y9wo6q,,xk9gg6d0,[{'uri': 'https://youtu.be/2EeZHbZKwOU'}],,verified,qxkm6mj0,2022-03-20T18:05:17Z,"[{'rel': 'user', 'id': 'jn3kg62x', 'uri': 'https://www.speedrun.com/api/v1/users/jn3kg62x'}]",2022-03-19,2022-03-20T05:26:14Z,PT10M48S,648.0,PT10M48S,648.0,,0,,0,w89rwelk,False,o316x197,,9qj7z0oq,5q8e86rq,,,,
166,yop36p7m,https://www.speedrun.com/sm64/run/yop36p7m,o1y9wo6q,,xk9gg6d0,[{'uri': 'https://www.youtube.com/watch?v=QJNGGBkG9vo'}],,verified,qxkm6mj0,2022-05-03T18:35:48Z,"[{'rel': 'user', 'id': 'xz79p1nj', 'uri': 'https://www.speedrun.com/api/v1/users/xz79p1nj'}]",2020-06-08,2022-05-03T18:35:36Z,PT10M55S,655.0,PT10M55S,655.0,,0,,0,w89rwelk,False,o316x197,,9qj7z0oq,5q8e86rq,,,,
167,nz1vngze,https://www.speedrun.com/sm64/run/nz1vngze,o1y9wo6q,,xk9gg6d0,,,verified,,,"[{'rel': 'guest', 'name': '[jp]ねくすと (Nekusuto)', 'uri': 'https://www.speedrun.com/api/v1/guests/%5Bjp%5D%E3%81%AD%E3%81%8F%E3%81%99%E3%81%A8+%28Nekusuto%29'}]",,,PT11M4S,664.0,PT11M4S,664.0,,0,,0,w89rwelk,False,o316x197,,9qj7z0oq,4qyxop3l,,,,
168,ywrjegnm,https://www.speedrun.com/sm64/run/ywrjegnm,o1y9wo6q,,xk9gg6d0,[{'uri': 'https://youtu.be/9eufYC522ns'}],,verified,qxk4wo6j,2023-06-20T14:20:04Z,"[{'rel': 'user', 'id': '98rzr0gx', 'uri': 'https://www.speedrun.com/api/v1/users/98rzr0gx'}]",2023-06-19,2023-06-19T18:16:58Z,PT11M7S,667.0,PT11M7S,667.0,,0,,0,w89rwelk,False,o316x197,,9qj7z0oq,5q8e86rq,,,,
169,z51179em,https://www.speedrun.com/sm64/run/z51179em,o1y9wo6q,,xk9gg6d0,[{'uri': 'https://youtu.be/yVdnuK7qHWk'}],lol,verified,qj2yvm78,2018-06-25T23:10:49Z,"[{'rel': 'user', 'id': '18vr2m5x', 'uri': 'https://www.speedrun.com/api/v1/users/18vr2m5x'}]",2018-06-25,2018-06-25T20:13:34Z,PT11M9S,669.0,PT11M9S,669.0,,0,,0,w89rwelk,False,o316x197,,9qj7z0oq,5q8e86rq,,,,
170,yw1w733z,https://www.speedrun.com/sm64/run/yw1w733z,o1y9wo6q,,xk9gg6d0,,,verified,e8e6edj0,2018-02-17T11:36:01Z,"[{'rel': 'guest', 'name': '[jp]Nurin', 'uri': 'https://www.speedrun.com/api/v1/guests/%5Bjp%5DNurin'}]",2011-04-24,2018-02-17T11:36:01Z,PT11M18S,678.0,PT11M18S,678.0,,0,,0,w89rwelk,False,o316x197,,9qj7z0oq,4qyxop3l,,,,
171,m7og5xwy,https://www.speedrun.com/sm64/run/m7og5xwy,o1y9wo6q,,xk9gg6d0,[{'uri': 'https://youtu.be/zVGFi7qshwo'}],Chalupa,verified,8vkn1mnj,2024-07-29T11:57:23Z,"[{'rel': 'user', 'id': 'j03l129j', 'uri': 'https://www.speedrun.com/api/v1/users/j03l129j'}]",2024-07-27,2024-07-27T21:48:28Z,PT11M29S,689.0,PT11M29S,689.0,,0,,0,w89rwelk,False,o316x197,,9qj7z0oq,5q8e86rq,,splits.io,https://splits.io/api/v3/runs/ccll,
172,emko1vz6,https://www.speedrun.com/sm64/run/emko1vz6,o1y9wo6q,,xk9gg6d0,,Legacy. No VoD. Added from atwiki.jp,verified,,,"[{'rel': 'user', 'id': 'kjp6pz58', 'uri': 'https://www.speedrun.com/api/v1/users/kjp6pz58'}]",2012-12-27,,PT11M33S,693.0,PT11M33S,693.0,,0,,0,w89rwelk,False,o316x197,,9qj7z0oq,4qyxop3l,,,,
173,zq05dd1y,https://www.speedrun.com/sm64/run/zq05dd1y,o1y9wo6q,,xk9gg6d0,[{'uri': 'https://www.twitch.tv/videos/1418813465'}],"mod note: removed milliseconds (we only maintain milliseconds for certain thresholds in the shorter categories), retimed to 11:36",verified,qxkm6mj0,2022-03-08T16:33:02Z,"[{'rel': 'user', 'id': '18q6w4wj', 'uri': 'https://www.speedrun.com/api/v1/users/18q6w4wj'}]",2022-03-07,2022-03-08T00:34:16Z,PT11M36S,696.0,PT11M36S,696.0,,0,,0,w89rwelk,False,pr184lqn,,9qj7z0oq,5q8e86rq,,,,
174,z163nogm,https://www.speedrun.com/sm64/run/z163nogm,o1y9wo6q,,xk9gg6d0,[{'uri': 'https://www.youtube.com/watch?v=itFYKtjVMXQ'}],"First ever attempt at a run, yeah don't think this one is going anywhere for awhile, what a fluke lmao

Mod note: re-timed to 12:13(.883)",verified,xyld2znj,2025-04-29T20:58:13Z,"[{'rel': 'user', 'id': '8dw9eqmj', 'uri': 'https://www.speedrun.com/api/v1/users/8dw9eqmj'}]",2025-04-29,2025-04-29T06:46:19Z,PT12M13S,733.0,PT12M13S,733.0,,0,,0,w89rwelk,False,o316x197,,9qj7z0oq,5q8e86rq,,,,
175,mk0ollxz,https://www.speedrun.com/sm64/run/mk0ollxz,o1y9wo6q,,xk9gg6d0,[{'uri': 'https://www.youtube.com/watch?v=azx2SyuEZtA'}],"mod note: the frame rate of the video is a bit choppy throughout, if that could be fixed for future submissions would be preferable",verified,qxkm6mj0,2023-07-29T13:17:26Z,"[{'rel': 'user', 'id': '81qrwmpj', 'uri': 'https://www.speedrun.com/api/v1/users/81qrwmpj'}]",2023-07-29,2023-07-29T09:50:38Z,PT12M14S,734.0,PT12M14S,734.0,,0,,0,w89rwelk,False,o316x197,,9qj7z0oq,5q8e86rq,,,,
176,mk8nxr3m,https://www.speedrun.com/sm64/run/mk8nxr3m,o1y9wo6q,,xk9gg6d0,[{'uri': 'https://youtu.be/yFX5kontY3g'}],I did it :),verified,zx7gkrx7,2021-01-05T05:35:17Z,"[{'rel': 'user', 'id': 'jmpl1doj', 'uri': 'https://www.speedrun.com/api/v1/users/jmpl1doj'}]",2021-01-03,2021-01-04T06:08:20Z,PT12M22S,742.0,PT12M22S,742.0,,0,,0,w89rwelk,False,pr184lqn,,9qj7z0oq,4qyxop3l,,,,
177,z051n58m,https://www.speedrun.com/sm64/run/z051n58m,o1y9wo6q,,xk9gg6d0,[{'uri': 'https://youtu.be/vsAQ3ISZwG8'}],,verified,1xyky4n8,2020-04-19T21:10:58Z,"[{'rel': 'user', 'id': 'qxkz2mmx', 'uri': 'https://www.speedrun.com/api/v1/users/qxkz2mmx'}]",2019-09-27,2020-04-19T16:31:41Z,PT12M27S,747.0,PT12M27S,747.0,,0,,0,w89rwelk,False,o316x197,,9qj7z0oq,5q8e86rq,,,,
178,y281569y,https://www.speedrun.com/sm64/run/y281569y,o1y9wo6q,,xk9gg6d0,[{'uri': 'https://youtu.be/yrbBz36_agI'}],,verified,zx7gkrx7,2025-05-10T02:07:21Z,"[{'rel': 'user', 'id': 'xkp9696j', 'uri': 'https://www.speedrun.com/api/v1/users/xkp9696j'}]",2025-05-09,2025-05-09T19:51:28Z,PT12M48S,768.0,PT12M48S,768.0,,0,,0,w89rwelk,False,o316x197,,9qj7z0oq,5q8e86rq,,,,
179,9mr0x2mq,https://www.speedrun.com/sm64/run/9mr0x2mq,o1y9wo6q,,xk9gg6d0,[{'uri': 'http://www.nicovideo.jp/watch/sm17501280'}],,verified,,,"[{'rel': 'guest', 'name': '[jp]白井 (Shirai)', 'uri': 'https://www.speedrun.com/api/v1/guests/%5Bjp%5D%E7%99%BD%E4%BA%95+%28Shirai%29'}]",2012-04-09,,PT12M58S,778.0,PT12M58S,778.0,,0,,0,w89rwelk,False,o316x197,,9qj7z0oq,5q8e86rq,,,,
180,mrl623gm,https://www.speedrun.com/sm64/run/mrl623gm,o1y9wo6q,,xk9gg6d0,[{'uri': 'https://www.youtube.com/watch?v=W0AgHQAXUhk'}],,verified,qxk241kx,2023-06-23T18:45:35Z,"[{'rel': 'user', 'id': '86vm37pj', 'uri': 'https://www.speedrun.com/api/v1/users/86vm37pj'}]",2023-06-22,2023-06-23T01:46:56Z,PT13M16S,796.0,PT13M16S,796.0,,0,,0,w89rwelk,False,o316x197,,9qj7z0oq,5q8e86rq,,,,
181,z1lr7egm,https://www.speedrun.com/sm64/run/z1lr7egm,o1y9wo6q,,xk9gg6d0,[{'uri': 'https://youtu.be/LnikoyBNRrE'}],needs a bit to process on youtube tyty,verified,8q3dqn7j,2023-06-13T11:14:25Z,"[{'rel': 'user', 'id': '8q316z7j', 'uri': 'https://www.speedrun.com/api/v1/users/8q316z7j'}]",2023-06-12,2023-06-12T20:14:55Z,PT13M34S,814.0,PT13M34S,814.0,,0,,0,w89rwelk,False,o316x197,,9qj7z0oq,5q8e86rq,,,,
182,1zxjxqyx,https://www.speedrun.com/sm64/run/1zxjxqyx,o1y9wo6q,,xk9gg6d0,,Legacy. added from atwiki.jp,verified,,,"[{'rel': 'guest', 'name': '[jp]КΙЯВУ', 'uri': 'https://www.speedrun.com/api/v1/guests/%5Bjp%5D%D0%9A%CE%99%D0%AF%D0%92%D0%A3'}]",2012-07-29,,PT13M37S,817.0,PT13M37S,817.0,,0,,0,w89rwelk,False,o316x197,,9qj7z0oq,4qyxop3l,,,,
183,mrl4wg7m,https://www.speedrun.com/sm64/run/mrl4wg7m,o1y9wo6q,,xk9gg6d0,[{'uri': 'https://www.twitch.tv/videos/1839907490'}],,verified,qxk4wo6j,2023-06-07T14:40:05Z,"[{'rel': 'user', 'id': 'xy5g6zv8', 'uri': 'https://www.speedrun.com/api/v1/users/xy5g6zv8'}]",2023-06-07,2023-06-07T06:41:56Z,PT13M50S,830.0,PT13M50S,830.0,,0,,0,w89rwelk,False,o316x197,,9qj7z0oq,5q8e86rq,,,,
184,yjx7ngnz,https://www.speedrun.com/sm64/run/yjx7ngnz,o1y9wo6q,,xk9gg6d0,[{'uri': 'https://www.youtube.com/watch?v=MotChj8L9QM'}],"????????????????????????????????????????thats a message to the sm64 mods

mod note: changed game region from None to JPN/NTSC ",verified,qxkm6mj0,2022-03-10T16:45:05Z,"[{'rel': 'user', 'id': 'jp4y0g2j', 'uri': 'https://www.speedrun.com/api/v1/users/jp4y0g2j'}]",2022-03-09,2022-03-10T04:47:08Z,PT14M51S,891.0,PT14M51S,891.0,,0,,0,w89rwelk,False,o316x197,,9qj7z0oq,5q8e86rq,,,,
185,zx39x7ez,https://www.speedrun.com/sm64/run/zx39x7ez,o1y9wo6q,,xk9gg6d0,[{'uri': 'https://www.twitch.tv/videos/1805407816'}],,verified,qxkm6mj0,2023-04-28T14:10:48Z,"[{'rel': 'user', 'id': 'x3qm31kj', 'uri': 'https://www.speedrun.com/api/v1/users/x3qm31kj'}]",2023-04-28,2023-04-28T00:45:13Z,PT14M57S,897.0,PT14M57S,897.0,,0,,0,w89rwelk,False,o316x197,,9qj7z0oq,5q8e86rq,,,,
186,z0ok0oez,https://www.speedrun.com/sm64/run/z0ok0oez,o1y9wo6q,,xk9gg6d0,[{'uri': 'https://youtu.be/-FYA5s5M9lk'}],,verified,zx7gkrx7,2022-03-09T07:05:41Z,"[{'rel': 'user', 'id': '8gee7n7j', 'uri': 'https://www.speedrun.com/api/v1/users/8gee7n7j'}]",2022-03-09,2022-03-08T23:20:42Z,PT15M18S,918.0,PT15M18S,918.0,,0,,0,w89rwelk,False,o316x197,,9qj7z0oq,5q8e86rq,,,,
187,zxx9q98z,https://www.speedrun.com/sm64/run/zxx9q98z,o1y9wo6q,,xk9gg6d0,[{'uri': 'https://youtu.be/6l43kYMcbYI'}],Alrighty!,verified,98rp5mwj,2024-07-09T15:09:23Z,"[{'rel': 'user', 'id': 'jp4q645j', 'uri': 'https://www.speedrun.com/api/v1/users/jp4q645j'}]",2024-07-09,2024-07-09T09:33:50Z,PT16M52S,1012.0,PT16M52S,1012.0,,0,,0,w89rwelk,False,o316x197,,9qj7z0oq,5q8e86rq,,,,
188,m7o5no5y,https://www.speedrun.com/sm64/run/m7o5no5y,o1y9wo6q,,xk9gg6d0,[{'uri': 'https://youtu.be/igM4zIwDQvY'}],,verified,8lpgwllj,2024-08-04T23:27:50Z,"[{'rel': 'user', 'id': '8q34l9oj', 'uri': 'https://www.speedrun.com/api/v1/users/8q34l9oj'}]",2024-08-04,2024-08-04T05:16:08Z,PT17M14S,1034.0,PT17M14S,1034.0,,0,,0,w89rwelk,False,o316x197,,9qj7z0oq,5q8e86rq,,,,
189,kz5lggyr,https://www.speedrun.com/sm64/run/kz5lggyr,o1y9wo6q,,xk9gg6d0,,Legacy. added from atwiki.jp,verified,,,"[{'rel': 'guest', 'name': '[jp]モリオ (Morio)', 'uri': 'https://www.speedrun.com/api/v1/guests/%5Bjp%5D%E3%83%A2%E3%83%AA%E3%82%AA+%28Morio%29'}]",2010-11-30,,PT17M21S,1041.0,PT17M21S,1041.0,,0,,0,w89rwelk,False,o316x197,,9qj7z0oq,4qyxop3l,,,,
190,mk145ely,https://www.speedrun.com/sm64/run/mk145ely,o1y9wo6q,,xk9gg6d0,[{'uri': 'https://youtu.be/eixXaFwu5_0'}],"LeBrick PB
Run Starts at 25:20


",verified,98rv2rdj,2024-07-13T17:31:46Z,"[{'rel': 'user', 'id': '18q3y4oj', 'uri': 'https://www.speedrun.com/api/v1/users/18q3y4oj'}]",2024-07-12,2024-07-13T04:11:40Z,PT17M26S,1046.0,PT17M26S,1046.0,,0,,0,w89rwelk,False,o316x197,,9qj7z0oq,5q8e86rq,,,,
191,zq79dprm,https://www.speedrun.com/sm64/run/zq79dprm,o1y9wo6q,,xk9gg6d0,[{'uri': 'https://www.youtube.com/watch?v=dawQ3gUnS4M&ab_channel=Bombs-_-'}],POINTSSSSSSSSS,verified,zx7gkrx7,2022-06-05T02:11:03Z,"[{'rel': 'user', 'id': '0jmw6wex', 'uri': 'https://www.speedrun.com/api/v1/users/0jmw6wex'}]",2022-06-04,2022-06-04T22:53:04Z,PT23M8S,1388.0,PT23M8S,1388.0,,0,,0,w89rwelk,False,o316x197,,9qj7z0oq,5q8e86rq,,,,
192,0y6n316z,https://www.speedrun.com/sm64/run/0y6n316z,o1y9wo6q,,xk9gg6d0,[{'uri': 'http://www.twitch.tv/drugstoredog/v/33323169'}],can't really improve on this one. solid overall except missed early ellies,verified,0jmpgoj1,2016-01-06T17:40:09Z,"[{'rel': 'user', 'id': 'zxz97kn8', 'uri': 'https://www.speedrun.com/api/v1/users/zxz97kn8'}]",2016-01-03,2016-01-03T07:24:11Z,PT24M34S,1474.0,PT24M34S,1474.0,,0,,0,w89rwelk,False,o316x197,,9qj7z0oq,5q8e86rq,,,,
193,y48vvxdm,https://www.speedrun.com/sm64/run/y48vvxdm,o1y9wo6q,,xk9gg6d0,[{'uri': 'https://www.twitch.tv/amahumahaba/v/1426024508?sr=a'}],Ddd Skip at 19:50,verified,zx7gkrx7,2022-03-15T05:13:53Z,"[{'rel': 'user', 'id': '8qrldp7j', 'uri': 'https://www.speedrun.com/api/v1/users/8qrldp7j'}]",2022-03-14,2022-03-15T02:33:02Z,PT24M41S,1481.0,PT24M41S,1481.0,,0,,0,w89rwelk,False,o316x197,,9qj7z0oq,5q8e86rq,,,,
194,mk0k4w3z,https://www.speedrun.com/sm64/run/mk0k4w3z,o1y9wo6q,,xk9gg6d0,[{'uri': 'https://www.twitch.tv/videos/1855330925'}],omagaih,verified,qxkm6mj0,2023-06-25T13:59:24Z,"[{'rel': 'user', 'id': '8dw231lj', 'uri': 'https://www.speedrun.com/api/v1/users/8dw231lj'}]",2023-06-25,2023-06-25T10:17:59Z,PT25M1S,1501.0,PT25M1S,1501.0,,0,,0,w89rwelk,False,o316x197,,9qj7z0oq,5q8e86rq,,,,
195,y8jn8gnz,https://www.speedrun.com/sm64/run/y8jn8gnz,o1y9wo6q,,xk9gg6d0,[{'uri': 'https://www.youtube.com/watch?v=rAZn7-3LSjA'}],,verified,zx7gkrx7,2022-03-07T07:42:57Z,"[{'rel': 'user', 'id': 'j03z503j', 'uri': 'https://www.speedrun.com/api/v1/users/j03z503j'}]",2022-03-06,2022-03-07T03:05:31Z,PT25M8S,1508.0,PT25M8S,1508.0,,0,,0,w89rwelk,False,o316x197,,9qj7z0oq,4qyxop3l,,,,
196,y4kg0kkm,https://www.speedrun.com/sm64/run/y4kg0kkm,o1y9wo6q,,xk9gg6d0,[{'uri': 'https://www.youtube.com/watch?v=RCx_3OdHzYk'}],,verified,qxkm6mj0,2023-12-04T14:21:06Z,"[{'rel': 'user', 'id': '8l35dzl8', 'uri': 'https://www.speedrun.com/api/v1/users/8l35dzl8'}]",2023-11-22,2023-12-04T12:09:21Z,PT35M10S,2110.0,PT35M10S,2110.0,,0,,0,w89rwelk,False,o316x197,,9qj7z0oq,5q8e86rq,,,,
197,zxl5e7qz,https://www.speedrun.com/sm64/run/zxl5e7qz,o1y9wo6q,,xk9gg6d0,[{'uri': 'https://www.youtube.com/watch?v=xFBiS2CP7v4'}],shoutout saks shoutout lar ,verified,zx7gkrx7,2022-03-10T06:49:31Z,"[{'rel': 'user', 'id': 'j92zg478', 'uri': 'https://www.speedrun.com/api/v1/users/j92zg478'}]",2022-03-09,2022-03-10T05:53:48Z,PT39M28S,2368.0,PT39M28S,2368.0,,0,,0,w89rwelk,False,pr184lqn,,9qj7z0oq,5q8e86rq,,,,
198,mk0gn81z,https://www.speedrun.com/sm64/run/mk0gn81z,o1y9wo6q,,xk9gg6d0,[{'uri': 'https://youtu.be/AFISLl1rAVc'}],500 points for the league baby,verified,zx7gkrx7,2023-06-13T22:03:44Z,"[{'rel': 'user', 'id': '7j4975w8', 'uri': 'https://www.speedrun.com/api/v1/users/7j4975w8'}]",2023-06-13,2023-06-13T02:58:50Z,PT43M20S,2600.0,PT43M20S,2600.0,,0,,0,w89rwelk,False,o316x197,,9qj7z0oq,5q8e86rq,,,,
199,y9lwvwny,https://www.speedrun.com/sm64/run/y9lwvwny,o1y9wo6q,,xk9gg6d0,[{'uri': 'https://youtu.be/FBKZPxI86mc'}],,verified,zx7gkrx7,2022-03-07T07:45:17Z,"[{'rel': 'user', 'id': '1xyky4n8', 'uri': 'https://www.speedrun.com/api/v1/users/1xyky4n8'}]",2022-03-06,2022-03-07T03:08:25Z,PT49M29S,2969.0,PT49M29S,2969.0,,0,,0,w89rwelk,False,pr184lqn,,9qj7z0oq,5q8e86rq,,,,
200,y60x381y,https://www.speedrun.com/sm64/run/y60x381y,o1y9wo6q,,xk9gg6d0,[{'uri': 'https://www.youtube.com/watch?v=_LObCf2672o'}],was going to reset if that specific attempt did not work lol,verified,zx7gkrx7,2022-06-02T05:12:50Z,"[{'rel': 'user', 'id': 'kjpoery8', 'uri': 'https://www.speedrun.com/api/v1/users/kjpoery8'}]",2022-06-01,2022-06-02T04:20:23Z,PT1H4M37S,3877.0,PT1H4M37S,3877.0,,0,,0,w89rwelk,False,pr184lqn,,9qj7z0oq,5q8e86rq,,,,
201,ydgxv7qy,https://www.speedrun.com/sm64/run/ydgxv7qy,o1y9wo6q,,xk9gg6d0,[{'uri': 'https://youtu.be/uNyCAeoZgs8'}],"There isn't anyone ever born that can endure such self-created traumatic failing as I do. I am built like a seven ton behemoth firetruck in the head. This RNG right side pillar route is so much easier than left side, plus is easier when you have tips from Cosmalano.",verified,j4232gmx,2023-04-10T03:34:00Z,"[{'rel': 'user', 'id': 'zxzpmmnj', 'uri': 'https://www.speedrun.com/api/v1/users/zxzpmmnj'}]",2023-04-06,2023-04-08T14:45:58Z,PT1H12M48S,4368.0,PT1H12M48S,4368.0,,0,,0,w89rwelk,False,pr184lqn,,9qj7z0oq,5q8e86rq,,,,
202,z11970jz,https://www.speedrun.com/sm64/run/z11970jz,o1y9wo6q,,xk9gg6d0,[{'uri': 'https://www.twitch.tv/videos/366081211'}],First time ever doing DDD skip. Figured I'd just go for it!,verified,qj2yvm78,2019-01-20T10:39:23Z,"[{'rel': 'user', 'id': 'zxznzp0x', 'uri': 'https://www.speedrun.com/api/v1/users/zxznzp0x'}]",2019-01-18,2019-01-19T00:37:39Z,PT1H14M29S,4469.0,PT1H14M29S,4469.0,,0,,0,w89rwelk,False,pr184lqn,,9qj7z0oq,5q8e86rq,,,,
203,m722564z,https://www.speedrun.com/sm64/run/m722564z,o1y9wo6q,,xk9gg6d0,[{'uri': 'https://www.twitch.tv/videos/1734266910'}],,verified,zx7gkrx7,2023-02-11T21:47:46Z,"[{'rel': 'user', 'id': 'j0n10kw8', 'uri': 'https://www.speedrun.com/api/v1/users/j0n10kw8'}]",2023-02-10,2023-02-10T20:21:34Z,PT1H27M45S,5265.0,PT1H27M45S,5265.0,,0,,0,w89rwelk,False,o316x197,,9qj7z0oq,5q8e86rq,,,,
204,m362v0dm,https://www.speedrun.com/sm64/run/m362v0dm,o1y9wo6q,,xk9gg6d0,[{'uri': 'https://www.twitch.tv/videos/1419805702'}],:),verified,zx7gkrx7,2022-03-09T06:48:56Z,"[{'rel': 'user', 'id': '1xy1oozx', 'uri': 'https://www.speedrun.com/api/v1/users/1xy1oozx'}]",2022-03-08,2022-03-09T00:49:43Z,PT1H49M5S,6545.0,PT1H49M5S,6545.0,,0,,0,w89rwelk,False,o316x197,,9qj7z0oq,5q8e86rq,,,,
